Date,   TNAa  missing value -99.99 https://psl.noaa.gov/data/timeseries/month/
1870-01-01,   -0.260
1870-02-01,   -0.360
1870-03-01,   -0.380
1870-04-01,   -0.480
1870-05-01,   -0.440
1870-06-01,   -0.410
1870-07-01,   -0.370
1870-08-01,   -0.240
1870-09-01,   -0.220
1870-10-01,   -0.020
1870-11-01,    0.010
1870-12-01,   -0.190
1871-01-01,   -0.350
1871-02-01,   -0.510
1871-03-01,   -0.250
1871-04-01,   -0.130
1871-05-01,   -0.110
1871-06-01,   -0.160
1871-07-01,   -0.230
1871-08-01,   -0.400
1871-09-01,   -0.600
1871-10-01,   -0.640
1871-11-01,   -0.400
1871-12-01,   -0.500
1872-01-01,   -0.640
1872-02-01,   -0.800
1872-03-01,   -0.570
1872-04-01,   -0.600
1872-05-01,   -0.510
1872-06-01,   -0.470
1872-07-01,   -0.500
1872-08-01,   -0.260
1872-09-01,   -0.300
1872-10-01,   -0.590
1872-11-01,   -0.660
1872-12-01,   -0.790
1873-01-01,   -0.670
1873-02-01,   -0.660
1873-03-01,   -0.690
1873-04-01,   -0.490
1873-05-01,   -0.660
1873-06-01,   -0.640
1873-07-01,   -0.490
1873-08-01,   -0.350
1873-09-01,   -0.320
1873-10-01,   -0.400
1873-11-01,   -0.380
1873-12-01,   -0.450
1874-01-01,   -0.440
1874-02-01,   -0.580
1874-03-01,   -0.490
1874-04-01,   -0.420
1874-05-01,   -0.230
1874-06-01,   -0.240
1874-07-01,   -0.300
1874-08-01,   -0.400
1874-09-01,   -0.530
1874-10-01,   -0.650
1874-11-01,   -0.750
1874-12-01,   -0.720
1875-01-01,   -0.580
1875-02-01,   -0.430
1875-03-01,   -0.260
1875-04-01,   -0.450
1875-05-01,   -0.190
1875-06-01,   -0.280
1875-07-01,   -0.460
1875-08-01,   -0.420
1875-09-01,   -0.300
1875-10-01,   -0.340
1875-11-01,   -0.250
1875-12-01,   -0.400
1876-01-01,   -0.320
1876-02-01,   -0.460
1876-03-01,   -0.290
1876-04-01,   -0.440
1876-05-01,   -0.460
1876-06-01,   -0.480
1876-07-01,   -0.280
1876-08-01,   -0.200
1876-09-01,   -0.380
1876-10-01,   -0.250
1876-11-01,   -0.140
1876-12-01,   -0.080
1877-01-01,   -0.080
1877-02-01,    0.130
1877-03-01,    0.200
1877-04-01,    0.240
1877-05-01,    0.120
1877-06-01,    0.180
1877-07-01,    0.120
1877-08-01,    0.120
1877-09-01,    0.260
1877-10-01,    0.140
1877-11-01,    0.100
1877-12-01,    0.120
1878-01-01,    0.200
1878-02-01,    0.320
1878-03-01,    0.530
1878-04-01,    0.590
1878-05-01,    0.750
1878-06-01,    0.590
1878-07-01,    0.480
1878-08-01,    0.460
1878-09-01,    0.340
1878-10-01,    0.230
1878-11-01,    0.280
1878-12-01,    0.420
1879-01-01,    0.460
1879-02-01,    0.080
1879-03-01,   -0.130
1879-04-01,   -0.230
1879-05-01,   -0.040
1879-06-01,   -0.100
1879-07-01,   -0.170
1879-08-01,   -0.430
1879-09-01,   -0.320
1879-10-01,   -0.380
1879-11-01,   -0.220
1879-12-01,    0.020
1880-01-01,   -0.000
1880-02-01,    0.000
1880-03-01,   -0.240
1880-04-01,   -0.300
1880-05-01,   -0.460
1880-06-01,   -0.500
1880-07-01,   -0.410
1880-08-01,   -0.400
1880-09-01,   -0.380
1880-10-01,   -0.290
1880-11-01,   -0.200
1880-12-01,   -0.050
1881-01-01,    0.050
1881-02-01,    0.180
1881-03-01,    0.350
1881-04-01,    0.370
1881-05-01,    0.280
1881-06-01,    0.110
1881-07-01,    0.070
1881-08-01,   -0.040
1881-09-01,   -0.100
1881-10-01,   -0.290
1881-11-01,   -0.460
1881-12-01,   -0.440
1882-01-01,   -0.430
1882-02-01,   -0.310
1882-03-01,   -0.150
1882-04-01,   -0.130
1882-05-01,   -0.250
1882-06-01,   -0.340
1882-07-01,   -0.410
1882-08-01,   -0.410
1882-09-01,   -0.440
1882-10-01,   -0.400
1882-11-01,   -0.350
1882-12-01,   -0.340
1883-01-01,   -0.160
1883-02-01,   -0.360
1883-03-01,   -0.390
1883-04-01,   -0.360
1883-05-01,   -0.340
1883-06-01,   -0.270
1883-07-01,   -0.440
1883-08-01,   -0.480
1883-09-01,   -0.460
1883-10-01,   -0.610
1883-11-01,   -0.490
1883-12-01,   -0.480
1884-01-01,   -0.460
1884-02-01,   -0.710
1884-03-01,   -0.730
1884-04-01,   -0.570
1884-05-01,   -0.320
1884-06-01,   -0.180
1884-07-01,   -0.460
1884-08-01,   -0.230
1884-09-01,   -0.300
1884-10-01,   -0.460
1884-11-01,   -0.560
1884-12-01,   -0.340
1885-01-01,   -0.220
1885-02-01,   -0.250
1885-03-01,   -0.410
1885-04-01,   -0.550
1885-05-01,   -0.480
1885-06-01,   -0.410
1885-07-01,   -0.320
1885-08-01,   -0.150
1885-09-01,   -0.080
1885-10-01,   -0.120
1885-11-01,   -0.090
1885-12-01,   -0.060
1886-01-01,    0.140
1886-02-01,    0.080
1886-03-01,    0.180
1886-04-01,    0.230
1886-05-01,    0.240
1886-06-01,    0.190
1886-07-01,    0.040
1886-08-01,   -0.130
1886-09-01,   -0.210
1886-10-01,   -0.360
1886-11-01,   -0.380
1886-12-01,   -0.360
1887-01-01,   -0.480
1887-02-01,   -0.370
1887-03-01,   -0.310
1887-04-01,   -0.270
1887-05-01,   -0.180
1887-06-01,   -0.030
1887-07-01,    0.040
1887-08-01,   -0.060
1887-09-01,   -0.060
1887-10-01,   -0.080
1887-11-01,   -0.060
1887-12-01,    0.050
1888-01-01,    0.110
1888-02-01,    0.130
1888-03-01,    0.250
1888-04-01,    0.010
1888-05-01,   -0.020
1888-06-01,    0.070
1888-07-01,   -0.180
1888-08-01,   -0.160
1888-09-01,   -0.130
1888-10-01,    0.200
1888-11-01,    0.110
1888-12-01,   -0.010
1889-01-01,    0.160
1889-02-01,    0.180
1889-03-01,    0.390
1889-04-01,    0.290
1889-05-01,    0.090
1889-06-01,   -0.100
1889-07-01,   -0.210
1889-08-01,   -0.210
1889-09-01,   -0.120
1889-10-01,   -0.240
1889-11-01,   -0.350
1889-12-01,   -0.490
1890-01-01,   -0.700
1890-02-01,   -0.640
1890-03-01,   -0.550
1890-04-01,   -0.630
1890-05-01,   -0.660
1890-06-01,   -0.640
1890-07-01,   -0.790
1890-08-01,   -0.860
1890-09-01,   -0.760
1890-10-01,   -0.580
1890-11-01,   -0.620
1890-12-01,   -0.530
1891-01-01,   -0.560
1891-02-01,   -0.450
1891-03-01,   -0.180
1891-04-01,   -0.020
1891-05-01,    0.100
1891-06-01,    0.120
1891-07-01,    0.090
1891-08-01,    0.060
1891-09-01,   -0.050
1891-10-01,   -0.200
1891-11-01,   -0.330
1891-12-01,   -0.250
1892-01-01,   -0.120
1892-02-01,    0.030
1892-03-01,    0.020
1892-04-01,   -0.160
1892-05-01,   -0.310
1892-06-01,   -0.360
1892-07-01,   -0.420
1892-08-01,   -0.420
1892-09-01,   -0.340
1892-10-01,   -0.480
1892-11-01,   -0.320
1892-12-01,   -0.280
1893-01-01,   -0.070
1893-02-01,   -0.280
1893-03-01,   -0.190
1893-04-01,   -0.300
1893-05-01,   -0.180
1893-06-01,   -0.100
1893-07-01,    0.060
1893-08-01,   -0.030
1893-09-01,   -0.160
1893-10-01,   -0.190
1893-11-01,   -0.130
1893-12-01,   -0.230
1894-01-01,   -0.460
1894-02-01,   -0.630
1894-03-01,   -0.780
1894-04-01,   -0.770
1894-05-01,   -0.740
1894-06-01,   -0.870
1894-07-01,   -0.740
1894-08-01,   -0.720
1894-09-01,   -0.720
1894-10-01,   -0.650
1894-11-01,   -0.620
1894-12-01,   -0.400
1895-01-01,   -0.310
1895-02-01,   -0.290
1895-03-01,   -0.380
1895-04-01,   -0.540
1895-05-01,   -0.630
1895-06-01,   -0.510
1895-07-01,   -0.460
1895-08-01,   -0.320
1895-09-01,   -0.090
1895-10-01,   -0.000
1895-11-01,    0.090
1895-12-01,    0.060
1896-01-01,   -0.010
1896-02-01,   -0.160
1896-03-01,   -0.140
1896-04-01,   -0.080
1896-05-01,    0.030
1896-06-01,    0.060
1896-07-01,   -0.030
1896-08-01,   -0.050
1896-09-01,    0.020
1896-10-01,    0.080
1896-11-01,    0.170
1896-12-01,    0.060
1897-01-01,   -0.050
1897-02-01,   -0.040
1897-03-01,    0.120
1897-04-01,    0.050
1897-05-01,   -0.120
1897-06-01,   -0.060
1897-07-01,   -0.070
1897-08-01,   -0.020
1897-09-01,   -0.110
1897-10-01,    0.010
1897-11-01,   -0.260
1897-12-01,   -0.210
1898-01-01,   -0.240
1898-02-01,   -0.230
1898-03-01,   -0.170
1898-04-01,   -0.250
1898-05-01,   -0.360
1898-06-01,   -0.090
1898-07-01,   -0.210
1898-08-01,   -0.140
1898-09-01,   -0.270
1898-10-01,   -0.090
1898-11-01,   -0.250
1898-12-01,   -0.200
1899-01-01,   -0.310
1899-02-01,   -0.440
1899-03-01,   -0.350
1899-04-01,   -0.230
1899-05-01,   -0.040
1899-06-01,   -0.170
1899-07-01,   -0.260
1899-08-01,    0.000
1899-09-01,   -0.130
1899-10-01,    0.250
1899-11-01,    0.180
1899-12-01,    0.340
1900-01-01,    0.240
1900-02-01,    0.230
1900-03-01,    0.100
1900-04-01,    0.010
1900-05-01,   -0.130
1900-06-01,   -0.230
1900-07-01,   -0.190
1900-08-01,   -0.210
1900-09-01,   -0.140
1900-10-01,   -0.250
1900-11-01,   -0.210
1900-12-01,   -0.130
1901-01-01,   -0.020
1901-02-01,    0.280
1901-03-01,    0.170
1901-04-01,    0.110
1901-05-01,    0.100
1901-06-01,   -0.120
1901-07-01,   -0.240
1901-08-01,   -0.260
1901-09-01,   -0.400
1901-10-01,   -0.380
1901-11-01,   -0.370
1901-12-01,   -0.330
1902-01-01,   -0.340
1902-02-01,   -0.230
1902-03-01,   -0.120
1902-04-01,   -0.340
1902-05-01,   -0.280
1902-06-01,   -0.490
1902-07-01,   -0.620
1902-08-01,   -0.380
1902-09-01,   -0.270
1902-10-01,   -0.230
1902-11-01,   -0.430
1902-12-01,   -0.270
1903-01-01,   -0.190
1903-02-01,   -0.030
1903-03-01,   -0.650
1903-04-01,   -0.250
1903-05-01,   -0.310
1903-06-01,   -0.390
1903-07-01,   -0.510
1903-08-01,   -0.680
1903-09-01,   -0.720
1903-10-01,   -0.640
1903-11-01,   -0.540
1903-12-01,   -0.650
1904-01-01,   -0.680
1904-02-01,   -0.750
1904-03-01,   -0.830
1904-04-01,   -0.880
1904-05-01,   -0.860
1904-06-01,   -0.870
1904-07-01,   -0.600
1904-08-01,   -0.500
1904-09-01,   -0.610
1904-10-01,   -0.510
1904-11-01,   -0.280
1904-12-01,   -0.270
1905-01-01,   -0.280
1905-02-01,   -0.270
1905-03-01,   -0.590
1905-04-01,   -0.460
1905-05-01,   -0.430
1905-06-01,   -0.440
1905-07-01,   -0.440
1905-08-01,   -0.320
1905-09-01,   -0.510
1905-10-01,   -0.360
1905-11-01,   -0.580
1905-12-01,   -0.570
1906-01-01,   -0.200
1906-02-01,   -0.230
1906-03-01,   -0.200
1906-04-01,   -0.150
1906-05-01,   -0.320
1906-06-01,    0.050
1906-07-01,   -0.050
1906-08-01,   -0.110
1906-09-01,   -0.190
1906-10-01,   -0.140
1906-11-01,   -0.120
1906-12-01,   -0.160
1907-01-01,   -0.300
1907-02-01,   -0.480
1907-03-01,   -0.620
1907-04-01,   -0.510
1907-05-01,   -0.640
1907-06-01,   -0.520
1907-07-01,   -0.590
1907-08-01,   -0.520
1907-09-01,   -0.260
1907-10-01,   -0.280
1907-11-01,   -0.520
1907-12-01,   -0.590
1908-01-01,   -0.560
1908-02-01,   -0.580
1908-03-01,   -0.770
1908-04-01,   -0.790
1908-05-01,   -0.550
1908-06-01,   -0.440
1908-07-01,   -0.490
1908-08-01,   -0.430
1908-09-01,   -0.490
1908-10-01,   -0.390
1908-11-01,   -0.210
1908-12-01,   -0.220
1909-01-01,   -0.260
1909-02-01,   -0.430
1909-03-01,   -0.340
1909-04-01,   -0.310
1909-05-01,   -0.110
1909-06-01,   -0.410
1909-07-01,   -0.490
1909-08-01,   -0.330
1909-09-01,   -0.350
1909-10-01,   -0.360
1909-11-01,   -0.350
1909-12-01,   -0.100
1910-01-01,   -0.240
1910-02-01,   -0.460
1910-03-01,   -0.620
1910-04-01,   -0.570
1910-05-01,   -0.590
1910-06-01,   -0.750
1910-07-01,   -0.690
1910-08-01,   -0.720
1910-09-01,   -0.380
1910-10-01,   -0.360
1910-11-01,   -0.120
1910-12-01,   -0.380
1911-01-01,   -0.410
1911-02-01,   -0.570
1911-03-01,   -0.700
1911-04-01,   -0.630
1911-05-01,   -0.630
1911-06-01,   -0.740
1911-07-01,   -0.620
1911-08-01,   -0.520
1911-09-01,   -0.350
1911-10-01,   -0.330
1911-11-01,   -0.480
1911-12-01,   -0.490
1912-01-01,   -0.440
1912-02-01,   -0.320
1912-03-01,   -0.450
1912-04-01,   -0.440
1912-05-01,   -0.450
1912-06-01,   -0.430
1912-07-01,   -0.430
1912-08-01,   -0.650
1912-09-01,   -0.400
1912-10-01,   -0.540
1912-11-01,   -0.400
1912-12-01,   -0.640
1913-01-01,   -0.860
1913-02-01,   -0.600
1913-03-01,   -0.750
1913-04-01,   -0.890
1913-05-01,   -0.850
1913-06-01,   -0.920
1913-07-01,   -0.730
1913-08-01,   -0.770
1913-09-01,   -0.740
1913-10-01,   -0.670
1913-11-01,   -0.590
1913-12-01,   -0.480
1914-01-01,   -0.330
1914-02-01,   -0.590
1914-03-01,   -0.750
1914-04-01,   -0.730
1914-05-01,   -0.490
1914-06-01,   -0.620
1914-07-01,   -0.710
1914-08-01,   -0.680
1914-09-01,   -0.540
1914-10-01,   -0.280
1914-11-01,   -0.290
1914-12-01,   -0.310
1915-01-01,   -0.260
1915-02-01,   -0.170
1915-03-01,   -0.060
1915-04-01,    0.070
1915-05-01,    0.210
1915-06-01,    0.310
1915-07-01,    0.310
1915-08-01,    0.300
1915-09-01,    0.220
1915-10-01,    0.020
1915-11-01,   -0.080
1915-12-01,   -0.080
1916-01-01,   -0.200
1916-02-01,   -0.260
1916-03-01,   -0.520
1916-04-01,   -0.350
1916-05-01,   -0.340
1916-06-01,   -0.270
1916-07-01,   -0.280
1916-08-01,   -0.220
1916-09-01,   -0.280
1916-10-01,   -0.330
1916-11-01,   -0.530
1916-12-01,   -0.430
1917-01-01,   -0.420
1917-02-01,   -0.470
1917-03-01,   -0.530
1917-04-01,   -0.310
1917-05-01,   -0.350
1917-06-01,   -0.310
1917-07-01,   -0.360
1917-08-01,   -0.410
1917-09-01,   -0.410
1917-10-01,   -0.560
1917-11-01,   -0.630
1917-12-01,    0.070
1918-01-01,    0.040
1918-02-01,   -0.050
1918-03-01,   -0.410
1918-04-01,   -0.460
1918-05-01,   -0.540
1918-06-01,   -0.420
1918-07-01,   -0.450
1918-08-01,   -0.420
1918-09-01,   -0.530
1918-10-01,   -0.460
1918-11-01,   -0.360
1918-12-01,   -0.430
1919-01-01,   -0.050
1919-02-01,   -0.010
1919-03-01,    0.070
1919-04-01,   -0.110
1919-05-01,   -0.160
1919-06-01,   -0.330
1919-07-01,   -0.560
1919-08-01,   -0.450
1919-09-01,   -0.240
1919-10-01,   -0.200
1919-11-01,   -0.190
1919-12-01,   -0.450
1920-01-01,   -0.630
1920-02-01,   -0.700
1920-03-01,   -0.570
1920-04-01,   -0.600
1920-05-01,   -0.610
1920-06-01,   -0.570
1920-07-01,   -0.710
1920-08-01,   -0.460
1920-09-01,   -0.400
1920-10-01,   -0.300
1920-11-01,   -0.470
1920-12-01,   -0.590
1921-01-01,   -0.480
1921-02-01,   -0.580
1921-03-01,   -0.810
1921-04-01,   -0.530
1921-05-01,   -0.750
1921-06-01,   -0.570
1921-07-01,   -0.140
1921-08-01,   -0.430
1921-09-01,   -0.520
1921-10-01,   -0.150
1921-11-01,   -0.430
1921-12-01,   -0.300
1922-01-01,   -0.380
1922-02-01,   -0.470
1922-03-01,   -0.740
1922-04-01,   -0.680
1922-05-01,   -0.640
1922-06-01,   -0.690
1922-07-01,   -0.760
1922-08-01,   -0.640
1922-09-01,   -0.810
1922-10-01,   -0.470
1922-11-01,   -0.290
1922-12-01,   -0.390
1923-01-01,   -0.650
1923-02-01,   -0.770
1923-03-01,   -0.700
1923-04-01,   -0.850
1923-05-01,   -0.600
1923-06-01,   -0.670
1923-07-01,   -0.610
1923-08-01,   -0.620
1923-09-01,   -0.670
1923-10-01,   -0.400
1923-11-01,   -0.230
1923-12-01,   -0.000
1924-01-01,   -0.000
1924-02-01,   -0.240
1924-03-01,    0.010
1924-04-01,    0.060
1924-05-01,   -0.070
1924-06-01,   -0.190
1924-07-01,   -0.220
1924-08-01,   -0.450
1924-09-01,   -0.490
1924-10-01,   -0.500
1924-11-01,   -0.450
1924-12-01,   -0.470
1925-01-01,   -0.630
1925-02-01,   -0.920
1925-03-01,   -0.740
1925-04-01,   -0.680
1925-05-01,   -0.390
1925-06-01,   -0.580
1925-07-01,   -0.600
1925-08-01,   -0.550
1925-09-01,   -0.350
1925-10-01,   -0.070
1925-11-01,   -0.140
1925-12-01,    0.360
1926-01-01,    0.390
1926-02-01,    0.340
1926-03-01,    0.180
1926-04-01,    0.160
1926-05-01,    0.160
1926-06-01,    0.170
1926-07-01,    0.300
1926-08-01,    0.160
1926-09-01,    0.090
1926-10-01,    0.290
1926-11-01,   -0.150
1926-12-01,    0.020
1927-01-01,    0.010
1927-02-01,   -0.060
1927-03-01,   -0.180
1927-04-01,   -0.110
1927-05-01,    0.100
1927-06-01,    0.250
1927-07-01,    0.110
1927-08-01,    0.060
1927-09-01,    0.040
1927-10-01,    0.310
1927-11-01,    0.280
1927-12-01,    0.320
1928-01-01,    0.120
1928-02-01,   -0.280
1928-03-01,   -0.330
1928-04-01,   -0.370
1928-05-01,   -0.170
1928-06-01,    0.000
1928-07-01,   -0.030
1928-08-01,    0.010
1928-09-01,    0.080
1928-10-01,   -0.090
1928-11-01,   -0.350
1928-12-01,   -0.300
1929-01-01,   -0.230
1929-02-01,   -0.150
1929-03-01,   -0.200
1929-04-01,   -0.180
1929-05-01,   -0.520
1929-06-01,   -0.480
1929-07-01,   -0.230
1929-08-01,   -0.310
1929-09-01,   -0.250
1929-10-01,   -0.080
1929-11-01,   -0.350
1929-12-01,   -0.360
1930-01-01,   -0.340
1930-02-01,   -0.470
1930-03-01,   -0.310
1930-04-01,   -0.440
1930-05-01,   -0.500
1930-06-01,   -0.560
1930-07-01,   -0.430
1930-08-01,   -0.200
1930-09-01,    0.070
1930-10-01,    0.210
1930-11-01,    0.320
1930-12-01,    0.120
1931-01-01,    0.200
1931-02-01,    0.090
1931-03-01,    0.350
1931-04-01,    0.420
1931-05-01,    0.520
1931-06-01,    0.550
1931-07-01,    0.310
1931-08-01,    0.070
1931-09-01,    0.080
1931-10-01,    0.170
1931-11-01,    0.120
1931-12-01,    0.210
1932-01-01,   -0.030
1932-02-01,    0.210
1932-03-01,    0.420
1932-04-01,    0.280
1932-05-01,    0.190
1932-06-01,    0.210
1932-07-01,   -0.080
1932-08-01,    0.000
1932-09-01,    0.190
1932-10-01,    0.160
1932-11-01,    0.070
1932-12-01,   -0.020
1933-01-01,   -0.160
1933-02-01,    0.190
1933-03-01,    0.110
1933-04-01,    0.280
1933-05-01,    0.190
1933-06-01,    0.060
1933-07-01,    0.100
1933-08-01,    0.000
1933-09-01,   -0.040
1933-10-01,    0.060
1933-11-01,   -0.140
1933-12-01,   -0.290
1934-01-01,   -0.440
1934-02-01,   -0.540
1934-03-01,   -0.670
1934-04-01,   -0.320
1934-05-01,   -0.430
1934-06-01,   -0.090
1934-07-01,   -0.240
1934-08-01,   -0.220
1934-09-01,   -0.170
1934-10-01,   -0.060
1934-11-01,   -0.140
1934-12-01,   -0.120
1935-01-01,    0.030
1935-02-01,   -0.200
1935-03-01,   -0.450
1935-04-01,   -0.160
1935-05-01,    0.010
1935-06-01,    0.010
1935-07-01,   -0.170
1935-08-01,   -0.230
1935-09-01,   -0.190
1935-10-01,   -0.240
1935-11-01,   -0.340
1935-12-01,   -0.000
1936-01-01,    0.130
1936-02-01,    0.360
1936-03-01,    0.400
1936-04-01,    0.420
1936-05-01,    0.210
1936-06-01,    0.380
1936-07-01,    0.230
1936-08-01,    0.100
1936-09-01,    0.140
1936-10-01,    0.130
1936-11-01,   -0.000
1936-12-01,    0.090
1937-01-01,    0.100
1937-02-01,    0.330
1937-03-01,    0.330
1937-04-01,    0.190
1937-05-01,    0.110
1937-06-01,    0.530
1937-07-01,    0.450
1937-08-01,    0.420
1937-09-01,    0.470
1937-10-01,    0.310
1937-11-01,    0.560
1937-12-01,    0.770
1938-01-01,    0.500
1938-02-01,    0.310
1938-03-01,    0.290
1938-04-01,    0.340
1938-05-01,    0.240
1938-06-01,    0.190
1938-07-01,    0.180
1938-08-01,    0.130
1938-09-01,    0.140
1938-10-01,    0.200
1938-11-01,    0.280
1938-12-01,    0.020
1939-01-01,   -0.110
1939-02-01,   -0.110
1939-03-01,   -0.370
1939-04-01,   -0.250
1939-05-01,   -0.140
1939-06-01,   -0.010
1939-07-01,    0.130
1939-08-01,   -0.080
1939-09-01,    0.100
1939-10-01,   -0.090
1939-11-01,   -0.330
1939-12-01,    0.050
1940-01-01,    0.170
1940-02-01,    0.120
1940-03-01,    0.150
1940-04-01,    0.160
1940-05-01,    0.140
1940-06-01,    0.080
1940-07-01,    0.220
1940-08-01,   -0.280
1940-09-01,    0.100
1940-10-01,    0.200
1940-11-01,    0.250
1940-12-01,    0.210
1941-01-01,    0.460
1941-02-01,    0.430
1941-03-01,    0.380
1941-04-01,    0.330
1941-05-01,    0.040
1941-06-01,   -0.070
1941-07-01,   -0.030
1941-08-01,    0.040
1941-09-01,    0.030
1941-10-01,    0.350
1941-11-01,    0.400
1941-12-01,    0.320
1942-01-01,    0.150
1942-02-01,    0.300
1942-03-01,    0.300
1942-04-01,    0.310
1942-05-01,    0.340
1942-06-01,    0.250
1942-07-01,   -0.060
1942-08-01,    0.180
1942-09-01,    0.150
1942-10-01,    0.130
1942-11-01,    0.160
1942-12-01,    0.100
1943-01-01,   -0.020
1943-02-01,   -0.160
1943-03-01,   -0.450
1943-04-01,   -0.360
1943-05-01,   -0.250
1943-06-01,   -0.400
1943-07-01,   -0.270
1943-08-01,   -0.070
1943-09-01,    0.070
1943-10-01,    0.100
1943-11-01,   -0.060
1943-12-01,    0.010
1944-01-01,    0.030
1944-02-01,    0.000
1944-03-01,    0.540
1944-04-01,    0.430
1944-05-01,    0.400
1944-06-01,    0.250
1944-07-01,    0.170
1944-08-01,    0.180
1944-09-01,    0.200
1944-10-01,    0.250
1944-11-01,    0.310
1944-12-01,    0.170
1945-01-01,    0.240
1945-02-01,    0.220
1945-03-01,    0.080
1945-04-01,    0.250
1945-05-01,    0.170
1945-06-01,    0.160
1945-07-01,    0.120
1945-08-01,   -0.080
1945-09-01,   -0.000
1945-10-01,    0.180
1945-11-01,    0.320
1945-12-01,    0.280
1946-01-01,    0.270
1946-02-01,    0.210
1946-03-01,   -0.010
1946-04-01,    0.110
1946-05-01,   -0.140
1946-06-01,   -0.290
1946-07-01,   -0.390
1946-08-01,   -0.290
1946-09-01,   -0.100
1946-10-01,   -0.010
1946-11-01,   -0.220
1946-12-01,   -0.240
1947-01-01,   -0.420
1947-02-01,   -0.220
1947-03-01,    0.040
1947-04-01,   -0.070
1947-05-01,   -0.300
1947-06-01,   -0.360
1947-07-01,   -0.380
1947-08-01,   -0.160
1947-09-01,   -0.420
1947-10-01,   -0.380
1947-11-01,   -0.040
1947-12-01,   -0.070
1948-01-01,    0.160
1948-02-01,   -0.010
1948-03-01,    0.250
1948-04-01,   -0.130
1948-05-01,   -0.070
1948-06-01,    0.120
1948-07-01,   -0.060
1948-08-01,   -0.190
1948-09-01,   -0.220
1948-10-01,   -0.100
1948-11-01,    0.080
1948-12-01,    0.000
1949-01-01,   -0.240
1949-02-01,   -0.150
1949-03-01,   -0.310
1949-04-01,   -0.150
1949-05-01,   -0.460
1949-06-01,   -0.300
1949-07-01,   -0.210
1949-08-01,   -0.050
1949-09-01,    0.020
1949-10-01,    0.120
1949-11-01,   -0.110
1949-12-01,    0.060
1950-01-01,   -0.140
1950-02-01,   -0.360
1950-03-01,   -0.370
1950-04-01,   -0.110
1950-05-01,   -0.250
1950-06-01,   -0.130
1950-07-01,   -0.180
1950-08-01,   -0.160
1950-09-01,   -0.060
1950-10-01,   -0.180
1950-11-01,   -0.090
1950-12-01,    0.180
1951-01-01,    0.060
1951-02-01,   -0.170
1951-03-01,   -0.070
1951-04-01,    0.170
1951-05-01,    0.140
1951-06-01,    0.170
1951-07-01,    0.410
1951-08-01,    0.200
1951-09-01,    0.150
1951-10-01,    0.090
1951-11-01,   -0.030
1951-12-01,   -0.070
1952-01-01,   -0.410
1952-02-01,   -0.150
1952-03-01,   -0.020
1952-04-01,    0.040
1952-05-01,    0.130
1952-06-01,    0.280
1952-07-01,    0.170
1952-08-01,    0.160
1952-09-01,    0.370
1952-10-01,    0.260
1952-11-01,    0.280
1952-12-01,    0.550
1953-01-01,    0.460
1953-02-01,    0.410
1953-03-01,   -0.040
1953-04-01,    0.180
1953-05-01,    0.110
1953-06-01,    0.130
1953-07-01,    0.180
1953-08-01,    0.240
1953-09-01,    0.200
1953-10-01,    0.160
1953-11-01,    0.160
1953-12-01,    0.170
1954-01-01,    0.100
1954-02-01,   -0.120
1954-03-01,   -0.260
1954-04-01,   -0.460
1954-05-01,    0.050
1954-06-01,    0.040
1954-07-01,   -0.190
1954-08-01,   -0.130
1954-09-01,   -0.230
1954-10-01,   -0.320
1954-11-01,   -0.170
1954-12-01,   -0.300
1955-01-01,    0.090
1955-02-01,    0.070
1955-03-01,   -0.040
1955-04-01,   -0.010
1955-05-01,   -0.120
1955-06-01,   -0.010
1955-07-01,    0.120
1955-08-01,    0.170
1955-09-01,    0.160
1955-10-01,    0.210
1955-11-01,    0.450
1955-12-01,    0.300
1956-01-01,    0.370
1956-02-01,    0.240
1956-03-01,   -0.040
1956-04-01,   -0.000
1956-05-01,   -0.290
1956-06-01,   -0.450
1956-07-01,   -0.290
1956-08-01,   -0.200
1956-09-01,   -0.270
1956-10-01,   -0.060
1956-11-01,   -0.080
1956-12-01,    0.050
1957-01-01,   -0.330
1957-02-01,   -0.550
1957-03-01,   -0.170
1957-04-01,   -0.360
1957-05-01,   -0.350
1957-06-01,   -0.090
1957-07-01,   -0.060
1957-08-01,    0.190
1957-09-01,    0.210
1957-10-01,    0.320
1957-11-01,    0.230
1957-12-01,    0.170
1958-01-01,    0.250
1958-02-01,    0.660
1958-03-01,    0.910
1958-04-01,    0.920
1958-05-01,    0.720
1958-06-01,    0.760
1958-07-01,    0.360
1958-08-01,    0.270
1958-09-01,    0.280
1958-10-01,    0.070
1958-11-01,    0.190
1958-12-01,    0.200
1959-01-01,    0.280
1959-02-01,    0.290
1959-03-01,   -0.090
1959-04-01,   -0.080
1959-05-01,   -0.220
1959-06-01,   -0.250
1959-07-01,   -0.250
1959-08-01,   -0.290
1959-09-01,   -0.150
1959-10-01,   -0.200
1959-11-01,   -0.200
1959-12-01,   -0.230
1960-01-01,   -0.070
1960-02-01,    0.180
1960-03-01,    0.200
1960-04-01,    0.130
1960-05-01,    0.270
1960-06-01,    0.100
1960-07-01,    0.080
1960-08-01,    0.050
1960-09-01,   -0.050
1960-10-01,   -0.010
1960-11-01,    0.100
1960-12-01,   -0.020
1961-01-01,   -0.040
1961-02-01,   -0.070
1961-03-01,    0.020
1961-04-01,    0.170
1961-05-01,    0.200
1961-06-01,   -0.040
1961-07-01,    0.000
1961-08-01,    0.090
1961-09-01,   -0.050
1961-10-01,   -0.130
1961-11-01,   -0.060
1961-12-01,    0.270
1962-01-01,    0.220
1962-02-01,    0.120
1962-03-01,    0.410
1962-04-01,    0.260
1962-05-01,    0.360
1962-06-01,    0.060
1962-07-01,    0.260
1962-08-01,    0.190
1962-09-01,    0.090
1962-10-01,    0.080
1962-11-01,    0.300
1962-12-01,    0.510
1963-01-01,    0.560
1963-02-01,    0.510
1963-03-01,    0.340
1963-04-01,    0.420
1963-05-01,    0.140
1963-06-01,    0.110
1963-07-01,    0.170
1963-08-01,    0.130
1963-09-01,   -0.040
1963-10-01,   -0.030
1963-11-01,    0.170
1963-12-01,    0.040
1964-01-01,    0.090
1964-02-01,    0.280
1964-03-01,    0.290
1964-04-01,   -0.130
1964-05-01,    0.080
1964-06-01,    0.070
1964-07-01,   -0.060
1964-08-01,   -0.200
1964-09-01,   -0.260
1964-10-01,   -0.250
1964-11-01,   -0.090
1964-12-01,   -0.190
1965-01-01,   -0.360
1965-02-01,   -0.250
1965-03-01,   -0.130
1965-04-01,   -0.180
1965-05-01,   -0.210
1965-06-01,   -0.280
1965-07-01,   -0.200
1965-08-01,   -0.200
1965-09-01,   -0.120
1965-10-01,   -0.100
1965-11-01,   -0.090
1965-12-01,    0.010
1966-01-01,   -0.020
1966-02-01,    0.370
1966-03-01,    0.430
1966-04-01,    0.520
1966-05-01,    0.360
1966-06-01,    0.270
1966-07-01,    0.150
1966-08-01,    0.030
1966-09-01,    0.070
1966-10-01,    0.100
1966-11-01,    0.350
1966-12-01,    0.240
1967-01-01,    0.240
1967-02-01,   -0.000
1967-03-01,   -0.150
1967-04-01,    0.050
1967-05-01,   -0.160
1967-06-01,   -0.210
1967-07-01,   -0.200
1967-08-01,   -0.300
1967-09-01,   -0.140
1967-10-01,   -0.140
1967-11-01,   -0.330
1967-12-01,   -0.230
1968-01-01,   -0.300
1968-02-01,   -0.110
1968-03-01,   -0.060
1968-04-01,   -0.110
1968-05-01,   -0.090
1968-06-01,   -0.250
1968-07-01,   -0.190
1968-08-01,   -0.140
1968-09-01,   -0.070
1968-10-01,    0.090
1968-11-01,    0.170
1968-12-01,    0.280
1969-01-01,    0.430
1969-02-01,    0.740
1969-03-01,    1.130
1969-04-01,    0.840
1969-05-01,    0.730
1969-06-01,    0.370
1969-07-01,    0.390
1969-08-01,    0.340
1969-09-01,    0.270
1969-10-01,    0.170
1969-11-01,    0.340
1969-12-01,    0.440
1970-01-01,    0.640
1970-02-01,    0.640
1970-03-01,    0.830
1970-04-01,    0.680
1970-05-01,    0.510
1970-06-01,    0.240
1970-07-01,   -0.030
1970-08-01,   -0.070
1970-09-01,   -0.120
1970-10-01,   -0.060
1970-11-01,   -0.020
1970-12-01,    0.030
1971-01-01,    0.100
1971-02-01,   -0.030
1971-03-01,   -0.180
1971-04-01,   -0.340
1971-05-01,   -0.460
1971-06-01,   -0.620
1971-07-01,   -0.450
1971-08-01,   -0.460
1971-09-01,   -0.290
1971-10-01,   -0.180
1971-11-01,   -0.130
1971-12-01,   -0.310
1972-01-01,   -0.270
1972-02-01,   -0.380
1972-03-01,   -0.500
1972-04-01,   -0.310
1972-05-01,   -0.460
1972-06-01,   -0.350
1972-07-01,   -0.400
1972-08-01,   -0.440
1972-09-01,   -0.330
1972-10-01,   -0.080
1972-11-01,   -0.090
1972-12-01,   -0.370
1973-01-01,   -0.310
1973-02-01,   -0.300
1973-03-01,   -0.320
1973-04-01,   -0.190
1973-05-01,    0.040
1973-06-01,   -0.070
1973-07-01,   -0.050
1973-08-01,   -0.160
1973-09-01,   -0.160
1973-10-01,   -0.260
1973-11-01,   -0.230
1973-12-01,   -0.100
1974-01-01,   -0.280
1974-02-01,   -0.510
1974-03-01,   -0.730
1974-04-01,   -1.090
1974-05-01,   -0.890
1974-06-01,   -0.610
1974-07-01,   -0.500
1974-08-01,   -0.390
1974-09-01,   -0.500
1974-10-01,   -0.460
1974-11-01,   -0.510
1974-12-01,   -0.510
1975-01-01,   -0.240
1975-02-01,   -0.410
1975-03-01,   -0.490
1975-04-01,   -0.450
1975-05-01,   -0.700
1975-06-01,   -0.400
1975-07-01,   -0.280
1975-08-01,   -0.150
1975-09-01,   -0.260
1975-10-01,   -0.300
1975-11-01,   -0.390
1975-12-01,   -0.260
1976-01-01,   -0.300
1976-02-01,   -0.480
1976-03-01,   -0.810
1976-04-01,   -0.660
1976-05-01,   -0.790
1976-06-01,   -0.590
1976-07-01,   -0.370
1976-08-01,    0.070
1976-09-01,    0.140
1976-10-01,    0.180
1976-11-01,    0.040
1976-12-01,   -0.310
1977-01-01,   -0.150
1977-02-01,   -0.220
1977-03-01,   -0.110
1977-04-01,   -0.090
1977-05-01,   -0.070
1977-06-01,    0.050
1977-07-01,   -0.140
1977-08-01,   -0.280
1977-09-01,   -0.240
1977-10-01,   -0.240
1977-11-01,   -0.260
1977-12-01,   -0.150
1978-01-01,    0.110
1978-02-01,    0.200
1978-03-01,    0.250
1978-04-01,    0.260
1978-05-01,    0.080
1978-06-01,   -0.140
1978-07-01,   -0.330
1978-08-01,   -0.330
1978-09-01,   -0.210
1978-10-01,    0.080
1978-11-01,    0.010
1978-12-01,   -0.190
1979-01-01,    0.170
1979-02-01,    0.280
1979-03-01,    0.150
1979-04-01,    0.290
1979-05-01,    0.350
1979-06-01,    0.420
1979-07-01,    0.280
1979-08-01,    0.080
1979-09-01,    0.100
1979-10-01,    0.100
1979-11-01,    0.110
1979-12-01,    0.260
1980-01-01,    0.400
1980-02-01,    0.410
1980-03-01,    0.170
1980-04-01,    0.560
1980-05-01,    0.710
1980-06-01,    0.470
1980-07-01,    0.190
1980-08-01,    0.290
1980-09-01,    0.210
1980-10-01,    0.050
1980-11-01,    0.030
1980-12-01,   -0.020
1981-01-01,    0.270
1981-02-01,    0.160
1981-03-01,    0.600
1981-04-01,    0.340
1981-05-01,    0.360
1981-06-01,    0.180
1981-07-01,    0.150
1981-08-01,    0.090
1981-09-01,    0.140
1981-10-01,    0.040
1981-11-01,    0.130
1981-12-01,    0.270
1982-01-01,    0.190
1982-02-01,   -0.070
1982-03-01,   -0.070
1982-04-01,   -0.160
1982-05-01,   -0.030
1982-06-01,   -0.150
1982-07-01,   -0.270
1982-08-01,   -0.300
1982-09-01,   -0.280
1982-10-01,   -0.340
1982-11-01,   -0.460
1982-12-01,   -0.500
1983-01-01,   -0.360
1983-02-01,   -0.020
1983-03-01,    0.440
1983-04-01,    0.450
1983-05-01,    0.170
1983-06-01,    0.350
1983-07-01,    0.230
1983-08-01,    0.010
1983-09-01,   -0.180
1983-10-01,   -0.150
1983-11-01,    0.050
1983-12-01,    0.230
1984-01-01,   -0.050
1984-02-01,   -0.200
1984-03-01,   -0.100
1984-04-01,   -0.190
1984-05-01,   -0.160
1984-06-01,   -0.370
1984-07-01,   -0.350
1984-08-01,   -0.280
1984-09-01,   -0.240
1984-10-01,   -0.490
1984-11-01,   -0.460
1984-12-01,   -0.500
1985-01-01,   -0.430
1985-02-01,   -0.370
1985-03-01,   -0.620
1985-04-01,   -0.650
1985-05-01,   -0.700
1985-06-01,   -0.300
1985-07-01,   -0.050
1985-08-01,   -0.080
1985-09-01,   -0.160
1985-10-01,   -0.140
1985-11-01,   -0.080
1985-12-01,   -0.250
1986-01-01,   -0.620
1986-02-01,   -0.630
1986-03-01,   -0.610
1986-04-01,   -0.640
1986-05-01,   -0.540
1986-06-01,   -0.590
1986-07-01,   -0.380
1986-08-01,   -0.410
1986-09-01,    0.040
1986-10-01,   -0.200
1986-11-01,   -0.600
1986-12-01,   -0.690
1987-01-01,   -0.320
1987-02-01,   -0.170
1987-03-01,    0.220
1987-04-01,    0.330
1987-05-01,    0.370
1987-06-01,    0.620
1987-07-01,    0.480
1987-08-01,    0.560
1987-09-01,    0.400
1987-10-01,    0.450
1987-11-01,    0.360
1987-12-01,    0.520
1988-01-01,    0.150
1988-02-01,   -0.020
1988-03-01,    0.270
1988-04-01,    0.380
1988-05-01,    0.290
1988-06-01,    0.340
1988-07-01,    0.270
1988-08-01,    0.030
1988-09-01,    0.060
1988-10-01,   -0.200
1988-11-01,   -0.230
1988-12-01,   -0.230
1989-01-01,   -0.420
1989-02-01,   -0.480
1989-03-01,   -0.660
1989-04-01,   -0.890
1989-05-01,   -0.660
1989-06-01,   -0.170
1989-07-01,    0.250
1989-08-01,    0.390
1989-09-01,    0.060
1989-10-01,    0.120
1989-11-01,   -0.040
1989-12-01,    0.220
1990-01-01,   -0.080
1990-02-01,   -0.100
1990-03-01,   -0.040
1990-04-01,    0.060
1990-05-01,    0.130
1990-06-01,   -0.020
1990-07-01,    0.060
1990-08-01,    0.300
1990-09-01,    0.400
1990-10-01,    0.410
1990-11-01,    0.330
1990-12-01,    0.170
1991-01-01,   -0.140
1991-02-01,   -0.110
1991-03-01,   -0.220
1991-04-01,   -0.390
1991-05-01,   -0.420
1991-06-01,   -0.430
1991-07-01,   -0.390
1991-08-01,   -0.290
1991-09-01,   -0.140
1991-10-01,   -0.110
1991-11-01,   -0.150
1991-12-01,   -0.180
1992-01-01,    0.000
1992-02-01,    0.040
1992-03-01,   -0.180
1992-04-01,   -0.290
1992-05-01,   -0.180
1992-06-01,   -0.110
1992-07-01,   -0.010
1992-08-01,   -0.230
1992-09-01,   -0.210
1992-10-01,   -0.060
1992-11-01,   -0.300
1992-12-01,   -0.230
1993-01-01,   -0.250
1993-02-01,   -0.250
1993-03-01,   -0.230
1993-04-01,   -0.070
1993-05-01,   -0.040
1993-06-01,    0.070
1993-07-01,   -0.170
1993-08-01,   -0.110
1993-09-01,   -0.120
1993-10-01,   -0.130
1993-11-01,   -0.340
1993-12-01,   -0.410
1994-01-01,   -0.590
1994-02-01,   -0.610
1994-03-01,   -0.600
1994-04-01,   -0.460
1994-05-01,   -0.500
1994-06-01,   -0.430
1994-07-01,   -0.390
1994-08-01,   -0.290
1994-09-01,   -0.240
1994-10-01,   -0.080
1994-11-01,   -0.030
1994-12-01,   -0.130
1995-01-01,   -0.050
1995-02-01,   -0.040
1995-03-01,   -0.050
1995-04-01,    0.110
1995-05-01,    0.300
1995-06-01,    0.480
1995-07-01,    0.580
1995-08-01,    0.590
1995-09-01,    0.400
1995-10-01,    0.370
1995-11-01,    0.510
1995-12-01,    0.470
1996-01-01,    0.740
1996-02-01,    0.400
1996-03-01,    0.220
1996-04-01,    0.310
1996-05-01,    0.360
1996-06-01,    0.180
1996-07-01,    0.120
1996-08-01,   -0.030
1996-09-01,    0.150
1996-10-01,    0.080
1996-11-01,    0.030
1996-12-01,    0.140
1997-01-01,    0.310
1997-02-01,    0.340
1997-03-01,    0.150
1997-04-01,    0.270
1997-05-01,    0.430
1997-06-01,    0.540
1997-07-01,    0.340
1997-08-01,    0.160
1997-09-01,    0.260
1997-10-01,    0.590
1997-11-01,    0.580
1997-12-01,    0.440
1998-01-01,    0.430
1998-02-01,    0.770
1998-03-01,    0.750
1998-04-01,    0.590
1998-05-01,    0.590
1998-06-01,    0.660
1998-07-01,    0.560
1998-08-01,    0.670
1998-09-01,    0.510
1998-10-01,    0.490
1998-11-01,    0.430
1998-12-01,    0.290
1999-01-01,   -0.100
1999-02-01,   -0.200
1999-03-01,   -0.230
1999-04-01,   -0.130
1999-05-01,    0.110
1999-06-01,    0.150
1999-07-01,    0.170
1999-08-01,    0.340
1999-09-01,    0.380
1999-10-01,    0.250
1999-11-01,    0.130
1999-12-01,    0.270
2000-01-01,   -0.180
2000-02-01,   -0.100
2000-03-01,    0.060
2000-04-01,   -0.010
2000-05-01,   -0.060
2000-06-01,   -0.160
2000-07-01,    0.010
2000-08-01,    0.150
2000-09-01,    0.020
2000-10-01,    0.000
2000-11-01,   -0.120
2000-12-01,   -0.190
2001-01-01,   -0.130
2001-02-01,   -0.150
2001-03-01,    0.150
2001-04-01,    0.050
2001-05-01,    0.060
2001-06-01,    0.240
2001-07-01,    0.300
2001-08-01,    0.340
2001-09-01,    0.510
2001-10-01,    0.480
2001-11-01,    0.620
2001-12-01,    0.660
2002-01-01,    0.780
2002-02-01,    0.530
2002-03-01,    0.370
2002-04-01,   -0.020
2002-05-01,   -0.190
2002-06-01,   -0.130
2002-07-01,   -0.060
2002-08-01,   -0.050
2002-09-01,    0.070
2002-10-01,    0.360
2002-11-01,    0.220
2002-12-01,    0.200
2003-01-01,    0.270
2003-02-01,    0.000
2003-03-01,    0.040
2003-04-01,    0.000
2003-05-01,    0.060
2003-06-01,    0.220
2003-07-01,    0.360
2003-08-01,    0.590
2003-09-01,    0.660
2003-10-01,    0.800
2003-11-01,    0.480
2003-12-01,    0.490
2004-01-01,    0.500
2004-02-01,    0.510
2004-03-01,    0.360
2004-04-01,    0.460
2004-05-01,    0.170
2004-06-01,    0.270
2004-07-01,    0.460
2004-08-01,    0.680
2004-09-01,    0.590
2004-10-01,    0.620
2004-11-01,    0.630
2004-12-01,    0.530
2005-01-01,    0.460
2005-02-01,    0.380
2005-03-01,    0.680
2005-04-01,    0.810
2005-05-01,    1.010
2005-06-01,    0.920
2005-07-01,    0.840
2005-08-01,    0.740
2005-09-01,    0.730
2005-10-01,    0.540
2005-11-01,    0.400
2005-12-01,    0.550
2006-01-01,    0.410
2006-02-01,    0.190
2006-03-01,    0.180
2006-04-01,    0.410
2006-05-01,    0.430
2006-06-01,    0.520
2006-07-01,    0.360
2006-08-01,    0.530
2006-09-01,    0.690
2006-10-01,    0.740
2006-11-01,    0.710
2006-12-01,    0.470
2007-01-01,    0.460
2007-02-01,    0.560
2007-03-01,    0.330
2007-04-01,    0.400
2007-05-01,    0.210
2007-06-01,    0.160
2007-07-01,    0.090
2007-08-01,    0.010
2007-09-01,    0.110
2007-10-01,    0.240
2007-11-01,    0.240
2007-12-01,    0.090
2008-01-01,    0.140
2008-02-01,    0.180
2008-03-01,    0.270
2008-04-01,    0.090
2008-05-01,    0.280
2008-06-01,    0.390
2008-07-01,    0.450
2008-08-01,    0.450
2008-09-01,    0.570
2008-10-01,    0.430
2008-11-01,    0.270
2008-12-01,    0.260
2009-01-01,    0.070
2009-02-01,   -0.370
2009-03-01,   -0.340
2009-04-01,   -0.310
2009-05-01,   -0.230
2009-06-01,    0.050
2009-07-01,    0.450
2009-08-01,    0.410
2009-09-01,    0.350
2009-10-01,    0.630
2009-11-01,    0.510
2009-12-01,    0.540
2010-01-01,    0.800
2010-02-01,    1.070
2010-03-01,    1.270
2010-04-01,    1.400
2010-05-01,    1.350
2010-06-01,    1.110
2010-07-01,    1.010
2010-08-01,    0.970
2010-09-01,    0.750
2010-10-01,    0.770
2010-11-01,    0.700
2010-12-01,    0.960
2011-01-01,    0.970
2011-02-01,    0.530
2011-03-01,    0.410
2011-04-01,    0.330
2011-05-01,    0.410
2011-06-01,    0.590
2011-07-01,    0.430
2011-08-01,    0.490
2011-09-01,    0.360
2011-10-01,    0.440
2011-11-01,    0.210
2011-12-01,    0.230
2012-01-01,    0.160
2012-02-01,   -0.020
2012-03-01,   -0.260
2012-04-01,   -0.170
2012-05-01,    0.090
2012-06-01,    0.310
2012-07-01,    0.300
2012-08-01,    0.520
2012-09-01,    0.720
2012-10-01,    0.780
2012-11-01,    0.750
2012-12-01,    0.550
2013-01-01,    0.440
2013-02-01,    0.400
2013-03-01,    0.700
2013-04-01,    0.530
2013-05-01,    0.640
2013-06-01,    0.320
2013-07-01,    0.340
2013-08-01,    0.560
2013-09-01,    0.610
2013-10-01,    0.660
2013-11-01,    0.320
2013-12-01,    0.270
2014-01-01,    0.130
2014-02-01,   -0.080
2014-03-01,   -0.350
2014-04-01,   -0.210
2014-05-01,   -0.060
2014-06-01,   -0.050
2014-07-01,    0.140
2014-08-01,    0.230
2014-09-01,    0.510
2014-10-01,    0.560
2014-11-01,    0.350
2014-12-01,    0.340
2015-01-01,    0.170
2015-02-01,    0.110
2015-03-01,   -0.110
2015-04-01,   -0.240
2015-05-01,    0.080
2015-06-01,   -0.070
2015-07-01,    0.160
2015-08-01,    0.430
2015-09-01,    0.720
2015-10-01,    0.930
2015-11-01,    0.490
2015-12-01,    0.420
2016-01-01,    0.500
2016-02-01,    0.450
2016-03-01,    0.390
2016-04-01,    0.320
2016-05-01,    0.380
2016-06-01,    0.390
2016-07-01,    0.370
2016-08-01,    0.490
2016-09-01,    0.390
2016-10-01,    0.550
2016-11-01,    0.460
2016-12-01,    0.520
2017-01-01,    0.490
2017-02-01,    0.230
2017-03-01,    0.130
2017-04-01,    0.470
2017-05-01,    0.580
2017-06-01,    0.600
2017-07-01,    0.600
2017-08-01,    0.670
2017-09-01,    0.520
2017-10-01,    0.450
2017-11-01,    0.530
2017-12-01,    0.540
2018-01-01,    0.280
2018-02-01,   -0.090
2018-03-01,    0.020
2018-04-01,   -0.170
2018-05-01,   -0.400
2018-06-01,   -0.480
2018-07-01,   -0.210
2018-08-01,    0.010
2018-09-01,    0.330
2018-10-01,    0.290
2018-11-01,   -0.010
2018-12-01,   -0.040
2019-01-01,    0.080
2019-02-01,    0.140
2019-03-01,    0.010
2019-04-01,   -0.020
2019-05-01,    0.120
2019-06-01,    0.300
2019-07-01,    0.370
2019-08-01,    0.420
2019-09-01,    0.570
2019-10-01,    0.440
2019-11-01,    0.260
2019-12-01,    0.250
2020-01-01,    0.250
2020-02-01,    0.500
2020-03-01,    0.730
2020-04-01,    0.620
2020-05-01,    0.520
2020-06-01,    0.720
2020-07-01,    0.650
2020-08-01,    0.590
2020-09-01,    0.520
2020-10-01,    0.610
2020-11-01,    0.390
2020-12-01,    0.460
2021-01-01,    0.520
2021-02-01,    0.410
2021-03-01,    0.140
2021-04-01,    0.320
2021-05-01,    0.240
2021-06-01,    0.140
2021-07-01,    0.250
2021-08-01,    0.260
2021-09-01,    0.540
2021-10-01,    0.460
2021-11-01,    0.420
2021-12-01,    0.460
2022-01-01,    0.610
2022-02-01,    0.570
2022-03-01,    0.080
2022-04-01,    0.040
2022-05-01,    0.340
2022-06-01,    0.480
2022-07-01,    0.320
2022-08-01,    0.470
2022-09-01,    0.620
2022-10-01,    0.500
2022-11-01,    0.330
2022-12-01,    0.470
2023-01-01,    0.470
2023-02-01,    0.220
2023-03-01,    0.640
2023-04-01,    0.780
2023-05-01,    1.040
2023-06-01,    1.410
2023-07-01,    1.410
2023-08-01,    1.360
2023-09-01,    1.430
2023-10-01,    1.320
2023-11-01,    1.090
2023-12-01,    1.170
2024-01-01,    1.420
2024-02-01,    1.590
2024-03-01,    1.360
2024-04-01,    1.320
2024-05-01,    1.430
2024-06-01,    1.340
2024-07-01,    1.140
2024-08-01,    1.130
2024-09-01,    1.040
2024-10-01,    1.030
2024-11-01,    0.980
2024-12-01,    0.910