Date,Nino34
1870-01-01,-1.0
1870-02-01,-0.82
1870-03-01,-0.83
1870-04-01,-0.81
1870-05-01,-1.27
1870-06-01,-1.08
1870-07-01,-1.04
1870-08-01,-0.88
1870-09-01,-0.53
1870-10-01,-0.92
1870-11-01,-0.79
1870-12-01,-0.79
1871-01-01,-0.25
1871-02-01,-0.58
1871-03-01,-0.43
1871-04-01,-0.5
1871-05-01,-0.7
1871-06-01,-0.53
1871-07-01,-0.6
1871-08-01,-0.33
1871-09-01,-0.24
1871-10-01,-0.33
1871-11-01,-0.31
1871-12-01,-0.58
1872-01-01,-0.72
1872-02-01,-0.62
1872-03-01,-0.5
1872-04-01,-0.77
1872-05-01,-0.62
1872-06-01,-0.52
1872-07-01,-0.32
1872-08-01,-0.85
1872-09-01,-1.02
1872-10-01,-0.94
1872-11-01,-0.79
1872-12-01,-0.88
1873-01-01,-0.78
1873-02-01,-1.01
1873-03-01,-1.31
1873-04-01,-0.67
1873-05-01,-0.53
1873-06-01,-0.48
1873-07-01,-0.58
1873-08-01,-0.39
1873-09-01,-0.34
1873-10-01,-0.78
1873-11-01,-0.77
1873-12-01,-0.7
1874-01-01,-0.93
1874-02-01,-1.06
1874-03-01,-1.4
1874-04-01,-0.94
1874-05-01,-0.86
1874-06-01,-0.72
1874-07-01,-1.0
1874-08-01,-1.05
1874-09-01,-1.13
1874-10-01,-1.25
1874-11-01,-1.33
1874-12-01,-1.14
1875-01-01,-0.71
1875-02-01,-0.37
1875-03-01,-0.59
1875-04-01,-0.87
1875-05-01,-1.09
1875-06-01,-0.76
1875-07-01,-0.85
1875-08-01,-0.81
1875-09-01,-0.91
1875-10-01,-0.83
1875-11-01,-0.64
1875-12-01,-0.75
1876-01-01,-0.95
1876-02-01,-1.2
1876-03-01,-1.13
1876-04-01,-1.18
1876-05-01,-1.08
1876-06-01,-0.43
1876-07-01,-0.34
1876-08-01,-0.16
1876-09-01,-0.02
1876-10-01,0.11
1876-11-01,0.15
1876-12-01,0.23
1877-01-01,0.35
1877-02-01,0.46
1877-03-01,0.52
1877-04-01,0.5
1877-05-01,0.76
1877-06-01,0.98
1877-07-01,1.42
1877-08-01,1.54
1877-09-01,1.75
1877-10-01,1.95
1877-11-01,2.08
1877-12-01,2.49
1878-01-01,2.41
1878-02-01,2.43
1878-03-01,1.31
1878-04-01,0.92
1878-05-01,0.82
1878-06-01,0.92
1878-07-01,0.25
1878-08-01,-0.11
1878-09-01,-0.32
1878-10-01,-0.53
1878-11-01,-0.7
1878-12-01,-0.75
1879-01-01,-0.55
1879-02-01,-0.18
1879-03-01,-0.24
1879-04-01,-0.37
1879-05-01,-0.83
1879-06-01,-0.67
1879-07-01,-0.77
1879-08-01,-0.69
1879-09-01,-0.83
1879-10-01,-0.93
1879-11-01,-1.14
1879-12-01,-1.02
1880-01-01,-1.0
1880-02-01,-0.73
1880-03-01,-0.62
1880-04-01,-0.57
1880-05-01,-0.71
1880-06-01,-0.61
1880-07-01,-0.53
1880-08-01,-0.24
1880-09-01,-0.03
1880-10-01,0.17
1880-11-01,0.24
1880-12-01,0.18
1881-01-01,0.29
1881-02-01,0.23
1881-03-01,0.32
1881-04-01,0.41
1881-05-01,0.16
1881-06-01,0.23
1881-07-01,-0.26
1881-08-01,-0.17
1881-09-01,-0.33
1881-10-01,-0.43
1881-11-01,-0.59
1881-12-01,-0.37
1882-01-01,-0.45
1882-02-01,-0.55
1882-03-01,-0.53
1882-04-01,0.1
1882-05-01,0.01
1882-06-01,-0.4
1882-07-01,-0.57
1882-08-01,-0.33
1882-09-01,-0.51
1882-10-01,-0.65
1882-11-01,-0.92
1882-12-01,-0.75
1883-01-01,-0.46
1883-02-01,-0.49
1883-03-01,-0.4
1883-04-01,-0.23
1883-05-01,-0.38
1883-06-01,-0.21
1883-07-01,-0.01
1883-08-01,-0.03
1883-09-01,-0.17
1883-10-01,-0.42
1883-11-01,-0.22
1883-12-01,-0.14
1884-01-01,-0.11
1884-02-01,-0.01
1884-03-01,-0.0
1884-04-01,0.26
1884-05-01,0.4
1884-06-01,-0.13
1884-07-01,0.28
1884-08-01,0.2
1884-09-01,0.18
1884-10-01,0.29
1884-11-01,0.3
1884-12-01,0.35
1885-01-01,0.12
1885-02-01,0.27
1885-03-01,0.12
1885-04-01,-0.02
1885-05-01,0.44
1885-06-01,0.17
1885-07-01,0.08
1885-08-01,0.34
1885-09-01,0.52
1885-10-01,0.72
1885-11-01,0.81
1885-12-01,1.02
1886-01-01,0.17
1886-02-01,-0.1
1886-03-01,-0.11
1886-04-01,-0.37
1886-05-01,-0.85
1886-06-01,-0.9
1886-07-01,-0.97
1886-08-01,-1.03
1886-09-01,-1.21
1886-10-01,-1.14
1886-11-01,-1.34
1886-12-01,-1.44
1887-01-01,-0.68
1887-02-01,-1.02
1887-03-01,-1.17
1887-04-01,-1.18
1887-05-01,-1.14
1887-06-01,-0.56
1887-07-01,-0.55
1887-08-01,-0.62
1887-09-01,-0.34
1887-10-01,-0.12
1887-11-01,0.04
1887-12-01,0.15
1888-01-01,0.15
1888-02-01,0.66
1888-03-01,0.4
1888-04-01,0.3
1888-05-01,0.47
1888-06-01,0.4
1888-07-01,0.56
1888-08-01,0.93
1888-09-01,0.58
1888-10-01,1.42
1888-11-01,2.21
1888-12-01,1.67
1889-01-01,1.98
1889-02-01,1.47
1889-03-01,0.83
1889-04-01,0.46
1889-05-01,0.32
1889-06-01,0.09
1889-07-01,-0.76
1889-08-01,-0.99
1889-09-01,-0.92
1889-10-01,-1.31
1889-11-01,-1.08
1889-12-01,-1.25
1890-01-01,-2.49
1890-02-01,-2.11
1890-03-01,-1.15
1890-04-01,-1.14
1890-05-01,-1.0
1890-06-01,-0.86
1890-07-01,-0.92
1890-08-01,-1.38
1890-09-01,-1.29
1890-10-01,-1.26
1890-11-01,-1.07
1890-12-01,-0.68
1891-01-01,-0.45
1891-02-01,-0.25
1891-03-01,-0.07
1891-04-01,0.15
1891-05-01,0.13
1891-06-01,0.29
1891-07-01,0.11
1891-08-01,0.05
1891-09-01,-0.08
1891-10-01,-0.03
1891-11-01,0.06
1891-12-01,0.01
1892-01-01,-0.5
1892-02-01,-0.34
1892-03-01,-0.58
1892-04-01,-0.65
1892-05-01,-0.72
1892-06-01,-0.57
1892-07-01,-0.62
1892-08-01,-0.63
1892-09-01,-1.07
1892-10-01,-1.54
1892-11-01,-1.62
1892-12-01,-1.18
1893-01-01,-1.23
1893-02-01,-1.16
1893-03-01,-1.24
1893-04-01,-1.3
1893-05-01,-1.32
1893-06-01,-1.19
1893-07-01,-1.32
1893-08-01,-1.29
1893-09-01,-1.28
1893-10-01,-1.36
1893-11-01,-1.3
1893-12-01,-1.0
1894-01-01,-1.09
1894-02-01,-1.13
1894-03-01,-1.06
1894-04-01,-0.92
1894-05-01,-1.0
1894-06-01,-0.84
1894-07-01,-0.88
1894-08-01,-0.8
1894-09-01,-1.1
1894-10-01,-0.82
1894-11-01,-0.92
1894-12-01,-0.48
1895-01-01,-0.73
1895-02-01,-0.49
1895-03-01,-0.4
1895-04-01,-0.17
1895-05-01,-0.03
1895-06-01,-0.21
1895-07-01,-0.26
1895-08-01,0.36
1895-09-01,0.42
1895-10-01,0.32
1895-11-01,0.44
1895-12-01,0.48
1896-01-01,0.16
1896-02-01,0.09
1896-03-01,0.15
1896-04-01,-0.01
1896-05-01,-0.04
1896-06-01,-0.21
1896-07-01,0.43
1896-08-01,1.05
1896-09-01,1.04
1896-10-01,1.1
1896-11-01,1.51
1896-12-01,1.55
1897-01-01,1.49
1897-02-01,1.14
1897-03-01,0.54
1897-04-01,-0.22
1897-05-01,-0.17
1897-06-01,-0.02
1897-07-01,0.07
1897-08-01,-0.15
1897-09-01,-0.24
1897-10-01,-0.57
1897-11-01,-0.61
1897-12-01,-0.4
1898-01-01,-0.51
1898-02-01,-0.57
1898-03-01,-0.79
1898-04-01,-0.61
1898-05-01,-0.59
1898-06-01,-0.28
1898-07-01,-0.63
1898-08-01,-0.76
1898-09-01,-0.19
1898-10-01,-0.33
1898-11-01,-0.66
1898-12-01,-0.78
1899-01-01,-0.75
1899-02-01,-0.71
1899-03-01,-0.56
1899-04-01,-0.34
1899-05-01,0.04
1899-06-01,0.09
1899-07-01,-0.02
1899-08-01,0.63
1899-09-01,0.43
1899-10-01,0.92
1899-11-01,1.29
1899-12-01,1.51
1900-01-01,1.41
1900-02-01,1.29
1900-03-01,0.99
1900-04-01,0.66
1900-05-01,0.54
1900-06-01,0.76
1900-07-01,0.75
1900-08-01,0.78
1900-09-01,0.56
1900-10-01,0.42
1900-11-01,0.14
1900-12-01,0.6
1901-01-01,0.82
1901-02-01,0.29
1901-03-01,0.05
1901-04-01,-0.13
1901-05-01,-0.19
1901-06-01,-0.26
1901-07-01,-0.3
1901-08-01,-0.38
1901-09-01,-0.3
1901-10-01,-0.31
1901-11-01,-0.39
1901-12-01,-0.35
1902-01-01,-0.5
1902-02-01,-0.26
1902-03-01,-0.27
1902-04-01,0.2
1902-05-01,0.47
1902-06-01,0.77
1902-07-01,1.44
1902-08-01,1.21
1902-09-01,1.44
1902-10-01,1.4
1902-11-01,1.54
1902-12-01,1.39
1903-01-01,1.33
1903-02-01,0.93
1903-03-01,0.79
1903-04-01,0.36
1903-05-01,-0.1
1903-06-01,0.29
1903-07-01,-0.49
1903-08-01,-0.32
1903-09-01,-0.6
1903-10-01,-0.42
1903-11-01,-0.76
1903-12-01,-1.02
1904-01-01,-0.73
1904-02-01,-0.79
1904-03-01,-0.85
1904-04-01,-0.72
1904-05-01,-0.4
1904-06-01,0.14
1904-07-01,0.75
1904-08-01,0.54
1904-09-01,0.01
1904-10-01,0.91
1904-11-01,0.15
1904-12-01,0.86
1905-01-01,0.68
1905-02-01,0.72
1905-03-01,0.92
1905-04-01,0.29
1905-05-01,1.08
1905-06-01,0.59
1905-07-01,0.82
1905-08-01,1.04
1905-09-01,1.42
1905-10-01,1.12
1905-11-01,0.83
1905-12-01,1.17
1906-01-01,0.89
1906-02-01,0.67
1906-03-01,0.8
1906-04-01,0.45
1906-05-01,0.02
1906-06-01,0.15
1906-07-01,-0.49
1906-08-01,-0.37
1906-09-01,-0.81
1906-10-01,-0.87
1906-11-01,-0.33
1906-12-01,-0.51
1907-01-01,-0.57
1907-02-01,-0.41
1907-03-01,-0.43
1907-04-01,-0.56
1907-05-01,-0.47
1907-06-01,-0.41
1907-07-01,-0.55
1907-08-01,-0.65
1907-09-01,0.13
1907-10-01,-0.25
1907-11-01,-0.25
1907-12-01,-0.09
1908-01-01,-0.27
1908-02-01,0.07
1908-03-01,-0.63
1908-04-01,-0.55
1908-05-01,-0.45
1908-06-01,-0.22
1908-07-01,-0.63
1908-08-01,-0.4
1908-09-01,-0.52
1908-10-01,-0.5
1908-11-01,-0.88
1908-12-01,-1.15
1909-01-01,-0.29
1909-02-01,-0.88
1909-03-01,-0.54
1909-04-01,-0.68
1909-05-01,-0.36
1909-06-01,-1.1
1909-07-01,-1.0
1909-08-01,-0.97
1909-09-01,-0.85
1909-10-01,-1.24
1909-11-01,-1.5
1909-12-01,-1.08
1910-01-01,-0.93
1910-02-01,-0.64
1910-03-01,-0.79
1910-04-01,-1.17
1910-05-01,-1.41
1910-06-01,-1.04
1910-07-01,-0.88
1910-08-01,-0.9
1910-09-01,-1.29
1910-10-01,-0.94
1910-11-01,-0.53
1910-12-01,-0.64
1911-01-01,-0.57
1911-02-01,-0.58
1911-03-01,-0.82
1911-04-01,-1.11
1911-05-01,-1.05
1911-06-01,-0.64
1911-07-01,-0.22
1911-08-01,-0.28
1911-09-01,0.22
1911-10-01,0.2
1911-11-01,0.84
1911-12-01,0.96
1912-01-01,1.55
1912-02-01,0.83
1912-03-01,0.69
1912-04-01,0.58
1912-05-01,0.0
1912-06-01,-0.24
1912-07-01,-0.1
1912-08-01,-0.4
1912-09-01,0.09
1912-10-01,-0.13
1912-11-01,0.16
1912-12-01,-0.49
1913-01-01,-0.2
1913-02-01,0.18
1913-03-01,0.16
1913-04-01,-0.77
1913-05-01,-0.28
1913-06-01,-0.16
1913-07-01,-0.15
1913-08-01,-0.09
1913-09-01,0.05
1913-10-01,0.03
1913-11-01,0.8
1913-12-01,0.85
1914-01-01,0.7
1914-02-01,0.8
1914-03-01,0.32
1914-04-01,0.69
1914-05-01,0.01
1914-06-01,0.08
1914-07-01,0.53
1914-08-01,0.92
1914-09-01,0.68
1914-10-01,0.26
1914-11-01,0.3
1914-12-01,0.68
1915-01-01,0.88
1915-02-01,0.65
1915-03-01,0.49
1915-04-01,0.47
1915-05-01,0.52
1915-06-01,1.1
1915-07-01,0.07
1915-08-01,0.05
1915-09-01,0.17
1915-10-01,0.24
1915-11-01,-0.15
1915-12-01,-0.23
1916-01-01,-0.12
1916-02-01,-0.61
1916-03-01,-0.54
1916-04-01,-0.63
1916-05-01,-0.23
1916-06-01,-0.36
1916-07-01,-1.11
1916-08-01,-1.48
1916-09-01,-1.36
1916-10-01,-1.36
1916-11-01,-1.72
1916-12-01,-1.64
1917-01-01,-1.56
1917-02-01,-1.2
1917-03-01,-0.64
1917-04-01,-0.29
1917-05-01,-0.3
1917-06-01,-0.04
1917-07-01,-0.05
1917-08-01,0.15
1917-09-01,-0.03
1917-10-01,0.04
1917-11-01,-0.43
1917-12-01,-0.72
1918-01-01,-0.84
1918-02-01,-0.82
1918-03-01,-0.96
1918-04-01,-0.56
1918-05-01,-0.17
1918-06-01,0.37
1918-07-01,-0.07
1918-08-01,0.12
1918-09-01,0.41
1918-10-01,0.93
1918-11-01,1.23
1918-12-01,1.3
1919-01-01,1.6
1919-02-01,1.24
1919-03-01,0.9
1919-04-01,0.69
1919-05-01,0.63
1919-06-01,0.61
1919-07-01,0.4
1919-08-01,0.62
1919-09-01,0.5
1919-10-01,0.13
1919-11-01,-0.37
1919-12-01,0.34
1920-01-01,0.64
1920-02-01,0.6
1920-03-01,0.53
1920-04-01,-0.16
1920-05-01,-0.21
1920-06-01,0.29
1920-07-01,0.15
1920-08-01,0.13
1920-09-01,0.27
1920-10-01,0.48
1920-11-01,-0.08
1920-12-01,-0.01
1921-01-01,0.43
1921-02-01,-0.52
1921-03-01,-1.42
1921-04-01,-0.55
1921-05-01,-0.92
1921-06-01,-0.21
1921-07-01,-0.27
1921-08-01,-0.29
1921-09-01,-0.17
1921-10-01,0.04
1921-11-01,-1.03
1921-12-01,-0.5
1922-01-01,-0.54
1922-02-01,-0.07
1922-03-01,0.08
1922-04-01,-0.54
1922-05-01,0.22
1922-06-01,-0.44
1922-07-01,-0.44
1922-08-01,-0.78
1922-09-01,-0.38
1922-10-01,-0.26
1922-11-01,-0.31
1922-12-01,-0.53
1923-01-01,-0.41
1923-02-01,-0.76
1923-03-01,-0.85
1923-04-01,-0.55
1923-05-01,-0.25
1923-06-01,-0.15
1923-07-01,-0.2
1923-08-01,0.2
1923-09-01,0.64
1923-10-01,0.79
1923-11-01,0.87
1923-12-01,1.02
1924-01-01,0.46
1924-02-01,0.63
1924-03-01,0.39
1924-04-01,-0.02
1924-05-01,-0.85
1924-06-01,-0.67
1924-07-01,-0.98
1924-08-01,-0.78
1924-09-01,-0.86
1924-10-01,-0.46
1924-11-01,-1.09
1924-12-01,-0.66
1925-01-01,-1.03
1925-02-01,-0.47
1925-03-01,-0.53
1925-04-01,-0.52
1925-05-01,-0.4
1925-06-01,-0.18
1925-07-01,0.5
1925-08-01,0.68
1925-09-01,0.77
1925-10-01,0.85
1925-11-01,1.0
1925-12-01,1.6
1926-01-01,1.52
1926-02-01,1.29
1926-03-01,1.19
1926-04-01,1.01
1926-05-01,0.83
1926-06-01,0.61
1926-07-01,0.63
1926-08-01,0.15
1926-09-01,-0.07
1926-10-01,-0.39
1926-11-01,-0.27
1926-12-01,-0.23
1927-01-01,0.1
1927-02-01,0.23
1927-03-01,-0.18
1927-04-01,-0.27
1927-05-01,-0.59
1927-06-01,-0.15
1927-07-01,-0.31
1927-08-01,-0.09
1927-09-01,-0.16
1927-10-01,0.27
1927-11-01,-0.04
1927-12-01,0.25
1928-01-01,0.47
1928-02-01,0.21
1928-03-01,-0.24
1928-04-01,-0.22
1928-05-01,-0.04
1928-06-01,-0.26
1928-07-01,0.02
1928-08-01,-0.28
1928-09-01,-0.13
1928-10-01,-0.12
1928-11-01,-0.17
1928-12-01,-0.03
1929-01-01,-0.15
1929-02-01,-0.08
1929-03-01,-0.15
1929-04-01,-0.15
1929-05-01,-0.17
1929-06-01,0.13
1929-07-01,-0.02
1929-08-01,0.1
1929-09-01,0.3
1929-10-01,0.4
1929-11-01,0.18
1929-12-01,0.63
1930-01-01,0.35
1930-02-01,0.39
1930-03-01,0.29
1930-04-01,0.41
1930-05-01,-0.04
1930-06-01,0.27
1930-07-01,0.64
1930-08-01,0.68
1930-09-01,1.28
1930-10-01,1.14
1930-11-01,1.79
1930-12-01,1.41
1931-01-01,1.49
1931-02-01,1.33
1931-03-01,1.18
1931-04-01,0.96
1931-05-01,0.63
1931-06-01,0.48
1931-07-01,0.4
1931-08-01,0.15
1931-09-01,-0.42
1931-10-01,-0.22
1931-11-01,-0.27
1931-12-01,-0.28
1932-01-01,-0.42
1932-02-01,-0.19
1932-03-01,0.25
1932-04-01,0.25
1932-05-01,0.28
1932-06-01,0.19
1932-07-01,-0.11
1932-08-01,0.09
1932-09-01,0.02
1932-10-01,0.02
1932-11-01,-0.04
1932-12-01,-0.41
1933-01-01,-0.21
1933-02-01,-0.08
1933-03-01,-0.2
1933-04-01,0.01
1933-05-01,-0.4
1933-06-01,-0.86
1933-07-01,-0.66
1933-08-01,-0.94
1933-09-01,-0.77
1933-10-01,-1.1
1933-11-01,-1.06
1933-12-01,-1.21
1934-01-01,-0.93
1934-02-01,-0.87
1934-03-01,-0.95
1934-04-01,-0.42
1934-05-01,-0.49
1934-06-01,-0.33
1934-07-01,-0.43
1934-08-01,-0.33
1934-09-01,-0.52
1934-10-01,-0.26
1934-11-01,-0.11
1934-12-01,-0.24
1935-01-01,-0.32
1935-02-01,-0.19
1935-03-01,-0.28
1935-04-01,-0.32
1935-05-01,-0.54
1935-06-01,-0.4
1935-07-01,-0.65
1935-08-01,0.06
1935-09-01,0.08
1935-10-01,0.28
1935-11-01,0.28
1935-12-01,-0.04
1936-01-01,0.74
1936-02-01,0.49
1936-03-01,0.0
1936-04-01,0.29
1936-05-01,-0.07
1936-06-01,-0.35
1936-07-01,-0.34
1936-08-01,-0.32
1936-09-01,-0.1
1936-10-01,0.38
1936-11-01,-0.03
1936-12-01,0.63
1937-01-01,-0.3
1937-02-01,0.3
1937-03-01,0.25
1937-04-01,0.21
1937-05-01,-0.43
1937-06-01,-0.3
1937-07-01,0.09
1937-08-01,-0.2
1937-09-01,0.17
1937-10-01,-0.1
1937-11-01,0.21
1937-12-01,0.22
1938-01-01,-0.21
1938-02-01,0.23
1938-03-01,-0.06
1938-04-01,0.09
1938-05-01,-0.33
1938-06-01,-0.88
1938-07-01,-0.98
1938-08-01,-0.81
1938-09-01,-0.28
1938-10-01,-0.75
1938-11-01,-0.72
1938-12-01,-0.79
1939-01-01,-0.67
1939-02-01,-0.95
1939-03-01,-0.85
1939-04-01,-0.27
1939-05-01,-0.25
1939-06-01,0.05
1939-07-01,0.25
1939-08-01,0.06
1939-09-01,0.43
1939-10-01,-0.47
1939-11-01,0.32
1939-12-01,0.05
1940-01-01,1.18
1940-02-01,1.38
1940-03-01,1.19
1940-04-01,0.8
1940-05-01,0.34
1940-06-01,0.55
1940-07-01,0.21
1940-08-01,0.75
1940-09-01,0.05
1940-10-01,0.32
1940-11-01,0.7
1940-12-01,1.39
1941-01-01,1.38
1941-02-01,1.34
1941-03-01,1.41
1941-04-01,1.36
1941-05-01,1.32
1941-06-01,0.88
1941-07-01,0.73
1941-08-01,0.79
1941-09-01,0.68
1941-10-01,0.99
1941-11-01,1.17
1941-12-01,1.27
1942-01-01,0.61
1942-02-01,0.53
1942-03-01,0.25
1942-04-01,0.57
1942-05-01,-0.1
1942-06-01,-0.52
1942-07-01,-0.55
1942-08-01,-0.96
1942-09-01,-1.17
1942-10-01,-1.32
1942-11-01,-1.5
1942-12-01,-1.24
1943-01-01,-1.2
1943-02-01,-1.18
1943-03-01,-1.1
1943-04-01,-0.6
1943-05-01,-0.36
1943-06-01,-0.11
1943-07-01,-0.09
1943-08-01,0.05
1943-09-01,-0.24
1943-10-01,-0.44
1943-11-01,-0.5
1943-12-01,-0.42
1944-01-01,-0.42
1944-02-01,0.16
1944-03-01,-0.21
1944-04-01,0.11
1944-05-01,0.14
1944-06-01,0.04
1944-07-01,0.08
1944-08-01,0.0
1944-09-01,-0.31
1944-10-01,-0.22
1944-11-01,-0.35
1944-12-01,-0.26
1945-01-01,-0.36
1945-02-01,-0.47
1945-03-01,-0.79
1945-04-01,-0.76
1945-05-01,-0.46
1945-06-01,-0.59
1945-07-01,-0.61
1945-08-01,-0.84
1945-09-01,-0.82
1945-10-01,-0.86
1945-11-01,-0.42
1945-12-01,-0.54
1946-01-01,-0.44
1946-02-01,-0.24
1946-03-01,-0.36
1946-04-01,-0.48
1946-05-01,-0.39
1946-06-01,0.15
1946-07-01,0.03
1946-08-01,-0.52
1946-09-01,-0.19
1946-10-01,-0.01
1946-11-01,-0.18
1946-12-01,0.03
1947-01-01,0.39
1947-02-01,-0.13
1947-03-01,0.28
1947-04-01,-0.07
1947-05-01,-0.55
1947-06-01,0.07
1947-07-01,-0.39
1947-08-01,-0.37
1947-09-01,-1.05
1947-10-01,-0.82
1947-11-01,-0.73
1947-12-01,0.18
1948-01-01,0.05
1948-02-01,0.37
1948-03-01,0.63
1948-04-01,0.25
1948-05-01,0.31
1948-06-01,0.06
1948-07-01,-0.06
1948-08-01,-0.02
1948-09-01,-0.02
1948-10-01,-0.68
1948-11-01,-0.3
1948-12-01,0.38
1949-01-01,-0.46
1949-02-01,0.26
1949-03-01,-0.55
1949-04-01,0.19
1949-05-01,-0.07
1949-06-01,-0.72
1949-07-01,-0.39
1949-08-01,-0.32
1949-09-01,-0.65
1949-10-01,-0.72
1949-11-01,-1.33
1949-12-01,-1.2
1950-01-01,-1.05
1950-02-01,-1.5
1950-03-01,-1.07
1950-04-01,-0.91
1950-05-01,-1.3
1950-06-01,-0.86
1950-07-01,-1.08
1950-08-01,-0.63
1950-09-01,-1.1
1950-10-01,-0.83
1950-11-01,-1.38
1950-12-01,-1.04
1951-01-01,-1.13
1951-02-01,-0.74
1951-03-01,-0.77
1951-04-01,-0.17
1951-05-01,-0.1
1951-06-01,-0.09
1951-07-01,0.66
1951-08-01,0.9
1951-09-01,0.67
1951-10-01,0.79
1951-11-01,0.78
1951-12-01,0.71
1952-01-01,0.39
1952-02-01,0.24
1952-03-01,0.04
1952-04-01,0.41
1952-05-01,-0.38
1952-06-01,-0.66
1952-07-01,-0.59
1952-08-01,-0.42
1952-09-01,-0.35
1952-10-01,-0.04
1952-11-01,-0.32
1952-12-01,-0.55
1953-01-01,0.36
1953-02-01,0.24
1953-03-01,0.22
1953-04-01,0.77
1953-05-01,0.35
1953-06-01,0.41
1953-07-01,0.2
1953-08-01,0.04
1953-09-01,0.67
1953-10-01,0.11
1953-11-01,0.31
1953-12-01,0.15
1954-01-01,0.39
1954-02-01,0.21
1954-03-01,0.01
1954-04-01,-0.32
1954-05-01,-0.53
1954-06-01,-0.8
1954-07-01,-1.02
1954-08-01,-1.08
1954-09-01,-1.03
1954-10-01,-0.91
1954-11-01,-1.17
1954-12-01,-0.79
1955-01-01,-0.66
1955-02-01,-0.79
1955-03-01,-0.8
1955-04-01,-0.95
1955-05-01,-1.23
1955-06-01,-1.2
1955-07-01,-1.32
1955-08-01,-0.91
1955-09-01,-1.33
1955-10-01,-1.59
1955-11-01,-1.91
1955-12-01,-1.52
1956-01-01,-1.23
1956-02-01,-0.98
1956-03-01,-0.93
1956-04-01,-0.78
1956-05-01,-0.59
1956-06-01,-0.83
1956-07-01,-0.94
1956-08-01,-0.81
1956-09-01,-0.91
1956-10-01,-0.69
1956-11-01,-1.01
1956-12-01,-0.58
1957-01-01,-0.56
1957-02-01,-0.24
1957-03-01,0.08
1957-04-01,0.42
1957-05-01,0.45
1957-06-01,0.53
1957-07-01,0.69
1957-08-01,0.79
1957-09-01,0.53
1957-10-01,0.74
1957-11-01,1.09
1957-12-01,1.18
1958-01-01,1.54
1958-02-01,1.4
1958-03-01,0.99
1958-04-01,0.31
1958-05-01,0.32
1958-06-01,0.3
1958-07-01,0.04
1958-08-01,0.24
1958-09-01,-0.31
1958-10-01,-0.03
1958-11-01,0.05
1958-12-01,0.3
1959-01-01,0.43
1959-02-01,0.5
1959-03-01,0.26
1959-04-01,0.27
1959-05-01,-0.01
1959-06-01,-0.33
1959-07-01,-0.28
1959-08-01,-0.41
1959-09-01,-0.53
1959-10-01,0.11
1959-11-01,-0.17
1959-12-01,-0.05
1960-01-01,0.02
1960-02-01,-0.24
1960-03-01,-0.08
1960-04-01,0.01
1960-05-01,0.05
1960-06-01,-0.2
1960-07-01,-0.25
1960-08-01,-0.0
1960-09-01,0.03
1960-10-01,-0.07
1960-11-01,-0.38
1960-12-01,0.02
1961-01-01,-0.15
1961-02-01,0.04
1961-03-01,-0.1
1961-04-01,0.13
1961-05-01,-0.01
1961-06-01,0.1
1961-07-01,-0.32
1961-08-01,-0.25
1961-09-01,-0.52
1961-10-01,-0.71
1961-11-01,-0.19
1961-12-01,-0.29
1962-01-01,-0.25
1962-02-01,-0.16
1962-03-01,-0.41
1962-04-01,-0.32
1962-05-01,-0.42
1962-06-01,-0.22
1962-07-01,-0.3
1962-08-01,-0.13
1962-09-01,-0.56
1962-10-01,-0.33
1962-11-01,-0.43
1962-12-01,-0.49
1963-01-01,-0.32
1963-02-01,-0.26
1963-03-01,-0.06
1963-04-01,-0.06
1963-05-01,-0.0
1963-06-01,0.12
1963-07-01,0.72
1963-08-01,0.9
1963-09-01,0.65
1963-10-01,0.84
1963-11-01,0.75
1963-12-01,1.05
1964-01-01,0.76
1964-02-01,0.55
1964-03-01,-0.16
1964-04-01,-0.53
1964-05-01,-0.74
1964-06-01,-0.88
1964-07-01,-0.65
1964-08-01,-0.76
1964-09-01,-0.93
1964-10-01,-1.0
1964-11-01,-1.1
1964-12-01,-1.07
1965-01-01,-0.57
1965-02-01,-0.36
1965-03-01,-0.34
1965-04-01,-0.09
1965-05-01,0.19
1965-06-01,0.45
1965-07-01,0.81
1965-08-01,1.25
1965-09-01,1.26
1965-10-01,1.61
1965-11-01,1.54
1965-12-01,1.45
1966-01-01,1.13
1966-02-01,0.83
1966-03-01,0.83
1966-04-01,0.54
1966-05-01,-0.06
1966-06-01,0.14
1966-07-01,0.23
1966-08-01,-0.1
1966-09-01,-0.05
1966-10-01,-0.05
1966-11-01,-0.37
1966-12-01,-0.26
1967-01-01,-0.55
1967-02-01,-0.56
1967-03-01,-0.47
1967-04-01,-0.53
1967-05-01,-0.24
1967-06-01,-0.12
1967-07-01,-0.1
1967-08-01,-0.31
1967-09-01,-0.59
1967-10-01,-0.38
1967-11-01,-0.34
1967-12-01,-0.35
1968-01-01,-0.6
1968-02-01,-0.74
1968-03-01,-0.76
1968-04-01,-0.47
1968-05-01,-0.44
1968-06-01,0.19
1968-07-01,0.31
1968-08-01,0.33
1968-09-01,0.05
1968-10-01,0.32
1968-11-01,0.76
1968-12-01,0.76
1969-01-01,0.9
1969-02-01,1.02
1969-03-01,0.61
1969-04-01,0.33
1969-05-01,0.39
1969-06-01,0.26
1969-07-01,0.1
1969-08-01,0.52
1969-09-01,0.47
1969-10-01,0.66
1969-11-01,0.75
1969-12-01,0.68
1970-01-01,0.55
1970-02-01,0.36
1970-03-01,0.26
1970-04-01,0.18
1970-05-01,0.01
1970-06-01,-0.3
1970-07-01,-0.98
1970-08-01,-0.95
1970-09-01,-0.78
1970-10-01,-0.65
1970-11-01,-0.85
1970-12-01,-1.11
1971-01-01,-1.47
1971-02-01,-1.28
1971-03-01,-1.29
1971-04-01,-0.97
1971-05-01,-0.82
1971-06-01,-0.78
1971-07-01,-0.64
1971-08-01,-0.65
1971-09-01,-0.75
1971-10-01,-0.78
1971-11-01,-0.85
1971-12-01,-0.89
1972-01-01,-0.58
1972-02-01,-0.22
1972-03-01,-0.25
1972-04-01,0.21
1972-05-01,0.33
1972-06-01,0.66
1972-07-01,0.83
1972-08-01,1.3
1972-09-01,1.19
1972-10-01,1.77
1972-11-01,1.87
1972-12-01,2.19
1973-01-01,1.6
1973-02-01,1.08
1973-03-01,0.58
1973-04-01,-0.07
1973-05-01,-0.56
1973-06-01,-0.86
1973-07-01,-1.14
1973-08-01,-1.21
1973-09-01,-1.4
1973-10-01,-1.58
1973-11-01,-2.07
1973-12-01,-2.18
1974-01-01,-2.02
1974-02-01,-1.5
1974-03-01,-1.44
1974-04-01,-1.0
1974-05-01,-0.79
1974-06-01,-0.7
1974-07-01,-0.65
1974-08-01,-0.32
1974-09-01,-0.35
1974-10-01,-0.75
1974-11-01,-0.96
1974-12-01,-0.86
1975-01-01,-0.37
1975-02-01,-0.33
1975-03-01,-0.59
1975-04-01,-0.59
1975-05-01,-1.0
1975-06-01,-1.25
1975-07-01,-1.24
1975-08-01,-1.16
1975-09-01,-1.44
1975-10-01,-1.47
1975-11-01,-1.46
1975-12-01,-1.64
1976-01-01,-1.8
1976-02-01,-1.05
1976-03-01,-0.68
1976-04-01,-0.42
1976-05-01,-0.49
1976-06-01,0.0
1976-07-01,0.15
1976-08-01,0.31
1976-09-01,0.57
1976-10-01,0.86
1976-11-01,0.88
1976-12-01,0.64
1977-01-01,0.84
1977-02-01,0.55
1977-03-01,0.4
1977-04-01,-0.25
1977-05-01,-0.03
1977-06-01,0.36
1977-07-01,0.45
1977-08-01,0.25
1977-09-01,0.44
1977-10-01,0.89
1977-11-01,1.03
1977-12-01,1.09
1978-01-01,0.72
1978-02-01,0.51
1978-03-01,0.06
1978-04-01,-0.37
1978-05-01,-0.49
1978-06-01,-0.45
1978-07-01,-0.48
1978-08-01,-0.62
1978-09-01,-0.6
1978-10-01,-0.34
1978-11-01,-0.15
1978-12-01,0.07
1979-01-01,0.05
1979-02-01,0.09
1979-03-01,0.13
1979-04-01,0.17
1979-05-01,-0.09
1979-06-01,0.04
1979-07-01,-0.2
1979-08-01,0.21
1979-09-01,0.48
1979-10-01,0.32
1979-11-01,0.35
1979-12-01,0.69
1980-01-01,0.55
1980-02-01,0.33
1980-03-01,0.09
1980-04-01,0.2
1980-05-01,0.13
1980-06-01,0.37
1980-07-01,0.02
1980-08-01,-0.23
1980-09-01,-0.12
1980-10-01,-0.11
1980-11-01,0.1
1980-12-01,0.36
1981-01-01,-0.45
1981-02-01,-0.45
1981-03-01,-0.02
1981-04-01,-0.17
1981-05-01,-0.11
1981-06-01,-0.15
1981-07-01,-0.43
1981-08-01,-0.18
1981-09-01,-0.07
1981-10-01,-0.03
1981-11-01,-0.27
1981-12-01,0.07
1982-01-01,-0.04
1982-02-01,-0.13
1982-03-01,-0.02
1982-04-01,0.24
1982-05-01,0.65
1982-06-01,0.92
1982-07-01,0.64
1982-08-01,0.93
1982-09-01,1.39
1982-10-01,2.0
1982-11-01,2.07
1982-12-01,2.33
1983-01-01,2.43
1983-02-01,2.22
1983-03-01,1.69
1983-04-01,1.12
1983-05-01,1.12
1983-06-01,0.62
1983-07-01,-0.11
1983-08-01,-0.13
1983-09-01,-0.5
1983-10-01,-1.03
1983-11-01,-1.13
1983-12-01,-0.95
1984-01-01,-0.8
1984-02-01,-0.53
1984-03-01,-0.48
1984-04-01,-0.6
1984-05-01,-0.64
1984-06-01,-0.9
1984-07-01,-0.4
1984-08-01,-0.4
1984-09-01,-0.35
1984-10-01,-0.83
1984-11-01,-1.18
1984-12-01,-1.53
1985-01-01,-0.89
1985-02-01,-0.91
1985-03-01,-0.96
1985-04-01,-0.98
1985-05-01,-0.9
1985-06-01,-0.76
1985-07-01,-0.61
1985-08-01,-0.49
1985-09-01,-0.57
1985-10-01,-0.64
1985-11-01,-0.43
1985-12-01,-0.4
1986-01-01,-0.79
1986-02-01,-0.64
1986-03-01,-0.51
1986-04-01,-0.41
1986-05-01,-0.47
1986-06-01,-0.08
1986-07-01,0.16
1986-08-01,0.24
1986-09-01,0.59
1986-10-01,0.9
1986-11-01,1.04
1986-12-01,0.98
1987-01-01,1.19
1987-02-01,1.17
1987-03-01,1.24
1987-04-01,0.89
1987-05-01,0.91
1987-06-01,1.24
1987-07-01,1.34
1987-08-01,1.48
1987-09-01,1.53
1987-10-01,1.36
1987-11-01,1.29
1987-12-01,1.05
1988-01-01,0.69
1988-02-01,0.35
1988-03-01,0.29
1988-04-01,-0.49
1988-05-01,-1.05
1988-06-01,-1.46
1988-07-01,-1.54
1988-08-01,-1.44
1988-09-01,-1.33
1988-10-01,-2.09
1988-11-01,-2.18
1988-12-01,-1.98
1989-01-01,-1.95
1989-02-01,-1.37
1989-03-01,-1.33
1989-04-01,-1.11
1989-05-01,-0.8
1989-06-01,-0.64
1989-07-01,-0.47
1989-08-01,-0.58
1989-09-01,-0.38
1989-10-01,-0.4
1989-11-01,-0.3
1989-12-01,-0.13
1990-01-01,0.02
1990-02-01,0.36
1990-03-01,0.2
1990-04-01,0.26
1990-05-01,0.32
1990-06-01,0.0
1990-07-01,0.15
1990-08-01,0.17
1990-09-01,0.12
1990-10-01,0.13
1990-11-01,0.08
1990-12-01,0.32
1991-01-01,0.51
1991-02-01,0.32
1991-03-01,0.1
1991-04-01,0.21
1991-05-01,0.44
1991-06-01,0.65
1991-07-01,0.62
1991-08-01,0.43
1991-09-01,0.22
1991-10-01,0.91
1991-11-01,1.14
1991-12-01,1.62
1992-01-01,1.61
1992-02-01,1.62
1992-03-01,1.5
1992-04-01,1.41
1992-05-01,1.27
1992-06-01,0.53
1992-07-01,0.27
1992-08-01,-0.15
1992-09-01,-0.14
1992-10-01,-0.35
1992-11-01,-0.14
1992-12-01,0.04
1993-01-01,0.28
1993-02-01,0.42
1993-03-01,0.47
1993-04-01,0.92
1993-05-01,0.93
1993-06-01,0.64
1993-07-01,0.33
1993-08-01,0.16
1993-09-01,0.26
1993-10-01,0.36
1993-11-01,0.28
1993-12-01,0.19
1994-01-01,0.03
1994-02-01,-0.16
1994-03-01,-0.06
1994-04-01,0.03
1994-05-01,0.14
1994-06-01,0.27
1994-07-01,0.16
1994-08-01,0.52
1994-09-01,0.4
1994-10-01,0.9
1994-11-01,1.14
1994-12-01,1.21
1995-01-01,1.1
1995-02-01,0.87
1995-03-01,0.49
1995-04-01,0.27
1995-05-01,0.03
1995-06-01,0.08
1995-07-01,0.03
1995-08-01,-0.38
1995-09-01,-0.57
1995-10-01,-0.72
1995-11-01,-0.78
1995-12-01,-0.72
1996-01-01,-0.65
1996-02-01,-0.66
1996-03-01,-0.48
1996-04-01,-0.34
1996-05-01,-0.4
1996-06-01,-0.12
1996-07-01,-0.14
1996-08-01,-0.3
1996-09-01,-0.34
1996-10-01,-0.28
1996-11-01,-0.3
1996-12-01,-0.43
1997-01-01,-0.43
1997-02-01,-0.24
1997-03-01,-0.06
1997-04-01,0.34
1997-05-01,0.87
1997-06-01,1.15
1997-07-01,1.6
1997-08-01,1.94
1997-09-01,2.1
1997-10-01,2.29
1997-11-01,2.42
1997-12-01,2.3
1998-01-01,2.42
1998-02-01,2.08
1998-03-01,1.49
1998-04-01,0.9
1998-05-01,0.68
1998-06-01,-0.39
1998-07-01,-0.73
1998-08-01,-0.83
1998-09-01,-0.82
1998-10-01,-1.19
1998-11-01,-1.23
1998-12-01,-1.51
1999-01-01,-1.53
1999-02-01,-1.41
1999-03-01,-0.92
1999-04-01,-0.81
1999-05-01,-0.87
1999-06-01,-0.95
1999-07-01,-0.84
1999-08-01,-0.98
1999-09-01,-0.84
1999-10-01,-1.03
1999-11-01,-1.41
1999-12-01,-1.54
2000-01-01,-1.79
2000-02-01,-1.53
2000-03-01,-1.26
2000-04-01,-0.8
2000-05-01,-0.8
2000-06-01,-0.75
2000-07-01,-0.57
2000-08-01,-0.36
2000-09-01,-0.39
2000-10-01,-0.55
2000-11-01,-0.75
2000-12-01,-0.92
2001-01-01,-0.88
2001-02-01,-0.63
2001-03-01,-0.48
2001-04-01,-0.3
2001-05-01,-0.3
2001-06-01,-0.11
2001-07-01,0.01
2001-08-01,-0.07
2001-09-01,-0.28
2001-10-01,-0.26
2001-11-01,-0.28
2001-12-01,-0.46
2002-01-01,-0.14
2002-02-01,0.0
2002-03-01,0.11
2002-04-01,0.14
2002-05-01,0.21
2002-06-01,0.68
2002-07-01,0.57
2002-08-01,0.7
2002-09-01,0.82
2002-10-01,1.16
2002-11-01,1.41
2002-12-01,1.41
2003-01-01,0.98
2003-02-01,0.64
2003-03-01,0.48
2003-04-01,-0.03
2003-05-01,-0.52
2003-06-01,-0.19
2003-07-01,0.14
2003-08-01,0.05
2003-09-01,0.15
2003-10-01,0.46
2003-11-01,0.39
2003-12-01,0.32
2004-01-01,0.26
2004-02-01,0.17
2004-03-01,-0.1
2004-04-01,0.06
2004-05-01,0.1
2004-06-01,0.14
2004-07-01,0.41
2004-08-01,0.66
2004-09-01,0.67
2004-10-01,0.73
2004-11-01,0.62
2004-12-01,0.71
2005-01-01,0.56
2005-02-01,0.26
2005-03-01,0.28
2005-04-01,0.28
2005-05-01,0.3
2005-06-01,0.22
2005-07-01,-0.01
2005-08-01,-0.04
2005-09-01,-0.08
2005-10-01,-0.15
2005-11-01,-0.44
2005-12-01,-0.75
2006-01-01,-0.98
2006-02-01,-0.71
2006-03-01,-0.73
2006-04-01,-0.3
2006-05-01,-0.11
2006-06-01,0.09
2006-07-01,0.03
2006-08-01,0.37
2006-09-01,0.63
2006-10-01,0.76
2006-11-01,0.98
2006-12-01,1.1
2007-01-01,0.59
2007-02-01,0.12
2007-03-01,-0.15
2007-04-01,-0.16
2007-05-01,-0.39
2007-06-01,-0.16
2007-07-01,-0.37
2007-08-01,-0.57
2007-09-01,-1.04
2007-10-01,-1.4
2007-11-01,-1.58
2007-12-01,-1.61
2008-01-01,-1.79
2008-02-01,-1.7
2008-03-01,-1.17
2008-04-01,-0.89
2008-05-01,-0.64
2008-06-01,-0.44
2008-07-01,-0.04
2008-08-01,-0.04
2008-09-01,-0.28
2008-10-01,-0.3
2008-11-01,-0.37
2008-12-01,-0.9
2009-01-01,-1.0
2009-02-01,-0.71
2009-03-01,-0.72
2009-04-01,-0.25
2009-05-01,0.17
2009-06-01,0.49
2009-07-01,0.69
2009-08-01,0.62
2009-09-01,0.68
2009-10-01,0.96
2009-11-01,1.49
2009-12-01,1.81
2010-01-01,1.43
2010-02-01,1.18
2010-03-01,1.07
2010-04-01,0.56
2010-05-01,-0.15
2010-06-01,-0.62
2010-07-01,-0.89
2010-08-01,-1.33
2010-09-01,-1.56
2010-10-01,-1.65
2010-11-01,-1.57
2010-12-01,-1.63
2011-01-01,-1.7
2011-02-01,-1.26
2011-03-01,-0.98
2011-04-01,-0.74
2011-05-01,-0.53
2011-06-01,-0.25
2011-07-01,-0.23
2011-08-01,-0.66
2011-09-01,-0.76
2011-10-01,-0.93
2011-11-01,-1.09
2011-12-01,-1.05
2012-01-01,-0.93
2012-02-01,-0.61
2012-03-01,-0.48
2012-04-01,-0.29
2012-05-01,-0.18
2012-06-01,0.14
2012-07-01,0.44
2012-08-01,0.66
2012-09-01,0.44
2012-10-01,0.23
2012-11-01,0.33
2012-12-01,-0.13
2013-01-01,-0.42
2013-02-01,-0.4
2013-03-01,-0.14
2013-04-01,-0.08
2013-05-01,-0.28
2013-06-01,-0.33
2013-07-01,-0.28
2013-08-01,-0.29
2013-09-01,-0.09
2013-10-01,-0.24
2013-11-01,-0.02
2013-12-01,-0.09
2014-01-01,-0.42
2014-02-01,-0.45
2014-03-01,-0.07
2014-04-01,0.28
2014-05-01,0.45
2014-06-01,0.48
2014-07-01,0.13
2014-08-01,0.14
2014-09-01,0.37
2014-10-01,0.48
2014-11-01,0.89
2014-12-01,0.77
2015-01-01,0.59
2015-02-01,0.57
2015-03-01,0.48
2015-04-01,0.9
2015-05-01,1.04
2015-06-01,1.28
2015-07-01,1.56
2015-08-01,1.87
2015-09-01,2.01
2015-10-01,2.21
2015-11-01,2.57
2015-12-01,2.56
2016-01-01,2.56
2016-02-01,2.11
2016-03-01,1.6
2016-04-01,1.05
2016-05-01,0.45
2016-06-01,0.06
2016-07-01,-0.25
2016-08-01,-0.48
2016-09-01,-0.46
2016-10-01,-0.75
2016-11-01,-0.63
2016-12-01,-0.51
2017-01-01,-0.34
2017-02-01,-0.01
2017-03-01,-0.09
2017-04-01,0.22
2017-05-01,0.3
2017-06-01,0.22
2017-07-01,0.22
2017-08-01,-0.18
2017-09-01,-0.56
2017-10-01,-0.52
2017-11-01,-0.84
2017-12-01,-0.85
2018-01-01,-0.86
2018-02-01,-0.73
2018-03-01,-0.73
2018-04-01,-0.36
2018-05-01,-0.12
2018-06-01,0.12
2018-07-01,0.27
2018-08-01,0.05
2018-09-01,0.3
2018-10-01,0.84
2018-11-01,1.0
2018-12-01,0.97
2019-01-01,0.51
2019-02-01,0.62
2019-03-01,0.81
2019-04-01,0.67
2019-05-01,0.61
2019-06-01,0.66
2019-07-01,0.41
2019-08-01,0.19
2019-09-01,0.11
2019-10-01,0.55
2019-11-01,0.74
2019-12-01,0.51
2020-01-01,0.64
2020-02-01,0.48
2020-03-01,0.36
2020-04-01,0.49
2020-05-01,-0.12
2020-06-01,-0.21
2020-07-01,-0.04
2020-08-01,-0.42
2020-09-01,-0.66
2020-10-01,-1.19
2020-11-01,-1.01
2020-12-01,-0.98
2021-01-01,-1.04
2021-02-01,-0.94
2021-03-01,-0.72
2021-04-01,-0.55
2021-05-01,-0.41
2021-06-01,-0.06
2021-07-01,-0.2
2021-08-01,-0.38
2021-09-01,-0.5
2021-10-01,-0.78
2021-11-01,-0.88
2021-12-01,-1.07
2022-01-01,-0.77
2022-02-01,-0.68
2022-03-01,-0.84
2022-04-01,-0.9
2022-05-01,-1.02
2022-06-01,-0.77
2022-07-01,-0.56
2022-08-01,-0.96
2022-09-01,-1.06
2022-10-01,-0.99
2022-11-01,-0.76
2022-12-01,-0.86
2023-01-01,-0.78
2023-02-01,-0.62
2023-03-01,-0.13
2023-04-01,0.24
2023-05-01,0.47
2023-06-01,0.95
2023-07-01,1.2
2023-08-01,1.56
2023-09-01,1.65
2023-10-01,1.59
2023-11-01,2.01
2023-12-01,1.81
2024-01-01,1.71
2024-02-01,1.47
2024-03-01,1.1
2024-04-01,0.93
2024-05-01,0.41
2024-06-01,0.25
2024-07-01,0.2
2024-08-01,0.02
2024-09-01,-0.11
2024-10-01,-0.24
2024-11-01,-0.05
2024-12-01,-0.58
2025-01-01,-0.64
